timestep,slice_id,tx_brate,tx_pckts,dl_buffer
1,0,0.0,3.5,0.0
1,1,0.0,2.0,0.0
1,2,0.005,6.0,0.0
2,0,0.0,2.5,0.0
2,1,0.0,1.5,0.0
2,2,0.01,7.0,0.0
3,0,4.234999999999999,89.5,0.0
3,1,0.06,11.0,0.0
3,2,0.095,18.0,0.0
4,0,4.105,112.0,859.0
4,1,0.05,10.0,0.0
4,2,0.135,25.0,79.0
5,0,4.2,103.5,0.0
5,1,0.05500000000000001,10.0,0.0
5,2,0.115,21.0,0.0
6,0,4.234999999999999,89.5,716.5
6,1,0.08,15.5,0.0
6,2,0.125,23.5,0.0
7,0,4.205,102.0,0.0
7,1,0.05500000000000001,10.5,0.0
7,2,0.1,18.5,0.0
8,0,4.2,102.0,794.0
8,1,0.055,11.0,0.0
8,2,0.12,23.0,0.0
9,0,4.234999999999999,89.5,0.0
9,1,0.055,16.5,0.0
9,2,0.095,18.0,0.0
10,0,4.24,97.5,0.0
10,1,0.065,12.5,0.0
10,2,0.13,24.0,0.0
11,0,4.205,102.0,0.0
11,1,0.045,8.5,0.0
11,2,0.125,23.5,0.0
12,0,4.234999999999999,89.5,0.0
12,1,0.05,9.5,0.0
12,2,0.09,17.5,0.0
13,0,4.345000000000001,98.0,2004.5
13,1,0.065,12.5,0.0
13,2,0.11,21.0,0.0
14,0,4.234999999999999,89.5,0.0
14,1,0.065,12.0,0.0
14,2,0.135,25.0,0.0
15,0,4.21,89.0,0.0
15,1,0.05500000000000001,11.0,0.0
15,2,0.105,19.5,0.0
16,0,4.23,111.5,1289.0
16,1,0.05,9.5,0.0
16,2,0.09,17.5,0.0
17,0,4.23,109.5,0.0
17,1,0.09,17.5,0.0
17,2,0.105,19.5,0.0
18,0,4.205,101.5,0.0
18,1,0.05,9.5,0.0
18,2,0.13,23.0,0.0
19,0,4.234999999999999,89.5,0.0
19,1,0.07500000000000001,14.5,0.0
19,2,0.11499999999999999,21.5,0.0
20,0,4.23,102.5,909.5
20,1,0.08499999999999999,16.5,0.0
20,2,0.1,19.0,0.0
21,0,4.19,119.5,5042.5
21,1,0.06,11.5,0.0
21,2,0.135,24.5,0.0
22,0,4.234999999999999,89.5,0.0
22,1,0.05,9.0,0.0
22,2,0.115,22.0,0.0
23,0,4.234999999999999,89.5,0.0
23,1,0.05,9.5,0.0
23,2,0.12,23.0,0.0
24,0,4.234999999999999,89.5,0.0
24,1,0.075,14.0,0.0
24,2,0.11,20.0,0.0
25,0,4.1899999999999995,90.5,1424.0
25,1,0.07500000000000001,14.5,0.0
25,2,0.085,15.5,0.0
26,0,4.234999999999999,89.5,716.5
26,1,0.07,14.0,0.0
26,2,0.14,24.5,0.0
27,0,4.234999999999999,98.0,0.0
27,1,0.060000000000000005,12.0,0.0
27,2,0.11,21.0,79.0
28,0,4.234999999999999,89.5,0.0
28,1,0.07500000000000001,14.5,0.0
28,2,0.12,21.0,0.0
29,0,4.21,89.0,0.0
29,1,0.05,19.0,0.0
29,2,0.11,21.0,0.0
30,0,4.234999999999999,89.5,0.0
30,1,0.06,11.5,0.0
30,2,0.125,22.5,0.0
31,0,4.07,102.0,0.0
31,1,0.060000000000000005,12.0,0.0
31,2,0.1,19.0,0.0
32,0,4.21,89.0,0.0
32,1,0.07,14.0,0.0
32,2,0.13,25.0,0.0
33,0,4.225,102.5,0.0
33,1,0.07,13.5,0.0
33,2,0.11000000000000001,21.5,0.0
34,0,4.07,102.0,0.0
34,1,0.06,12.0,0.0
34,2,0.14,25.0,0.0
35,0,4.234999999999999,89.5,0.0
35,1,0.07500000000000001,14.0,0.0
35,2,0.12,21.0,0.0
36,0,4.234999999999999,89.5,0.0
36,1,0.05,9.5,0.0
36,2,0.12,22.0,0.0
37,0,4.234999999999999,89.5,0.0
37,1,0.055,11.0,0.0
37,2,0.12,23.0,0.0
38,0,4.21,89.0,0.0
38,1,0.05500000000000001,11.0,0.0
38,2,0.13,23.0,0.0
39,0,4.234999999999999,89.5,716.5
39,1,0.07,13.0,0.0
39,2,0.09,17.0,0.0
40,0,4.21,89.0,0.0
40,1,0.065,12.5,0.0
40,2,0.08499999999999999,16.5,0.0
41,0,4.21,89.0,0.0
41,1,0.06,11.5,0.0
41,2,0.11,21.0,0.0
42,0,4.234999999999999,89.5,0.0
42,1,0.065,12.5,0.0
42,2,0.10500000000000001,19.5,0.0
43,0,4.234999999999999,89.5,0.0
43,1,0.065,12.0,0.0
43,2,0.14,24.0,0.0
44,0,4.21,89.0,0.0
44,1,0.05,10.0,0.0
44,2,0.1,19.0,0.0
45,0,4.23,111.0,0.0
45,1,0.055,10.5,0.0
45,2,0.13,25.0,0.0
46,0,4.234999999999999,89.5,0.0
46,1,0.034999999999999996,6.5,0.0
46,2,0.095,17.0,0.0
47,0,4.234999999999999,89.5,0.0
47,1,0.05500000000000001,10.5,0.0
47,2,0.115,20.5,0.0
48,0,4.105,102.5,0.0
48,1,0.055,10.5,0.0
48,2,0.135,25.0,0.0
49,0,4.234999999999999,89.5,0.0
49,1,0.06,11.0,0.0
49,2,0.11499999999999999,22.5,0.0
50,0,4.21,89.0,0.0
50,1,0.05500000000000001,11.0,0.0
50,2,0.135,29.5,0.0
51,0,4.21,89.0,0.0
51,1,0.06,11.0,0.0
51,2,0.095,18.0,0.0
52,0,4.234999999999999,89.5,0.0
52,1,0.07,13.5,0.0
52,2,0.09,17.5,0.0
53,0,4.225,96.5,0.0
53,1,0.065,12.5,0.0
53,2,0.135,25.0,0.0
54,0,4.2,102.5,716.5
54,1,0.07,13.0,0.0
54,2,0.08,15.0,0.0
55,0,4.23,89.0,0.0
55,1,0.055,11.0,0.0
55,2,0.12,22.5,0.0
56,0,4.234999999999999,89.5,0.0
56,1,0.065,13.0,0.0
56,2,0.095,17.5,0.0
57,0,4.23,96.5,0.0
57,1,0.05,10.0,0.0
57,2,0.10500000000000001,19.5,0.0
58,0,4.234999999999999,89.5,716.5
58,1,0.055,10.5,0.0
58,2,0.125,23.5,0.0
59,0,4.225,102.5,0.0
59,1,0.05,10.0,0.0
59,2,0.095,20.5,0.0
60,0,4.135,115.5,985.0
60,1,0.055,10.5,79.0
60,2,0.11,21.5,0.0
61,0,4.215,89.0,716.5
61,1,0.06,11.5,0.0
61,2,0.1,20.0,0.0
62,0,4.24,89.0,0.0
62,1,0.060000000000000005,12.0,0.0
62,2,0.125,22.0,0.0
63,0,4.234999999999999,89.5,0.0
63,1,0.060000000000000005,11.5,0.0
63,2,0.115,22.0,0.0
64,0,4.215,89.0,0.0
64,1,0.05,10.0,0.0
64,2,0.1,19.0,0.0
65,0,4.2,116.5,1433.0
65,1,0.065,12.0,0.0
65,2,0.095,17.0,0.0
66,0,4.24,90.0,0.0
66,1,0.08,15.5,0.0
66,2,0.1,19.0,0.0
67,0,4.23,89.0,0.0
67,1,0.045,8.5,0.0
67,2,0.11,21.0,0.0
68,0,4.205,102.0,0.0
68,1,0.06,11.0,0.0
68,2,0.11,19.5,0.0
69,0,4.234999999999999,89.5,0.0
69,1,0.045,9.0,0.0
69,2,0.095,17.5,0.0
70,0,4.23,103.5,0.0
70,1,0.06,11.5,0.0
70,2,0.115,21.5,0.0
71,0,4.21,89.0,0.0
71,1,0.05,10.0,0.0
71,2,0.125,23.0,0.0
72,0,4.205,99.0,0.0
72,1,0.06,11.5,0.0
72,2,0.15,26.5,0.0
73,0,4.234999999999999,97.0,0.0
73,1,0.05,10.0,0.0
73,2,0.095,19.0,0.0
74,0,4.245,90.0,716.5
74,1,0.07500000000000001,14.5,0.0
74,2,0.095,17.5,0.0
75,0,4.21,103.5,716.5
75,1,0.045,8.5,0.0
75,2,0.095,17.5,0.0
76,0,4.225,107.5,0.0
76,1,0.06,11.5,0.0
76,2,0.11,21.0,0.0
77,0,4.1850000000000005,91.5,3502.5
77,1,0.045000000000000005,8.5,0.0
77,2,0.11,21.5,0.0
78,0,4.21,90.0,195.5
78,1,0.07,14.0,0.0
78,2,0.125,23.5,0.0
79,0,4.234999999999999,89.5,0.0
79,1,0.04,8.0,0.0
79,2,0.135,25.0,0.0
80,0,4.23,103.5,0.0
80,1,0.055,10.5,0.0
80,2,0.125,24.0,0.0
81,0,4.225,104.0,0.0
81,1,0.05,10.0,0.0
81,2,0.125,22.5,0.0
82,0,4.21,89.0,0.0
82,1,0.065,13.0,0.0
82,2,0.115,22.0,0.0
83,0,4.234999999999999,89.5,0.0
83,1,0.04,8.0,0.0
83,2,0.13,23.0,0.0
84,0,4.225,115.5,5683.0
84,1,0.07,13.5,0.0
84,2,0.08,15.5,0.0
85,0,4.205,101.5,825.5
85,1,0.07500000000000001,15.0,0.0
85,2,0.115,21.0,0.0
86,0,4.21,89.0,0.0
86,1,0.05,9.0,0.0
86,2,0.12000000000000001,22.5,0.0
87,0,4.220000000000001,89.5,0.0
87,1,0.045,9.0,0.0
87,2,0.095,18.0,0.0
88,0,4.23,89.0,0.0
88,1,0.065,12.5,0.0
88,2,0.14500000000000002,27.0,0.0
89,0,4.21,89.0,0.0
89,1,0.08,15.0,0.0
89,2,0.12,21.5,0.0
90,0,4.23,89.0,0.0
90,1,0.06,11.0,0.0
90,2,0.11,20.5,0.0
91,0,4.234999999999999,89.5,0.0
91,1,0.055,10.5,0.0
91,2,0.125,23.0,0.0
92,0,4.21,89.0,0.0
92,1,0.075,14.5,0.0
92,2,0.12,22.0,0.0
93,0,4.205,119.5,1956.0
93,1,0.09,18.0,0.0
93,2,0.12000000000000001,23.0,0.0
94,0,4.220000000000001,124.0,269.0
94,1,0.07,13.5,0.0
94,2,0.115,21.0,0.0
95,0,4.215,96.0,0.0
95,1,0.05,9.0,0.0
95,2,0.11,21.0,0.0
96,0,4.1450000000000005,115.5,793.0
96,1,0.075,14.0,0.0
96,2,0.08,14.5,0.0
97,0,4.245,89.5,0.0
97,1,0.055,10.5,0.0
97,2,0.09,17.5,0.0
98,0,4.23,89.0,0.0
98,1,0.060000000000000005,11.5,0.0
98,2,0.135,24.0,0.0
99,0,4.24,89.0,716.5
99,1,0.045,8.5,0.0
99,2,0.09,16.5,0.0
100,0,4.245,89.5,0.0
100,1,0.065,12.5,0.0
100,2,0.12000000000000001,22.0,0.0
101,0,4.220000000000001,104.0,489.0
101,1,0.075,14.5,0.0
101,2,0.11,21.5,0.0
102,0,4.3100000000000005,97.5,541.5
102,1,0.055,11.0,0.0
102,2,0.11499999999999999,22.0,0.0
103,0,4.225,102.0,0.0
103,1,0.065,13.0,0.0
103,2,0.11,20.5,0.0
104,0,4.21,89.0,0.0
104,1,0.045,8.5,0.0
104,2,0.14,24.5,0.0
105,0,4.21,89.0,0.0
105,1,0.08,15.5,0.0
105,2,0.095,18.5,0.0
106,0,4.234999999999999,89.5,0.0
106,1,0.05500000000000001,11.0,0.0
106,2,0.125,22.5,0.0
107,0,4.225,104.5,716.5
107,1,0.045,8.5,0.0
107,2,0.07,13.5,0.0
108,0,4.195,116.0,0.0
108,1,0.05500000000000001,10.5,0.0
108,2,0.105,19.5,0.0
109,0,4.154999999999999,93.5,2428.0
109,1,0.07500000000000001,14.0,0.0
109,2,0.08,15.5,0.0
110,0,4.234999999999999,89.5,0.0
110,1,0.065,12.0,0.0
110,2,0.1,19.0,0.0
111,0,4.205,105.0,0.0
111,1,0.055,10.5,0.0
111,2,0.13,24.0,0.0
112,0,4.1850000000000005,128.5,0.0
112,1,0.06,11.5,0.0
112,2,0.10500000000000001,20.0,0.0
113,0,4.24,96.5,0.0
113,1,0.045,8.5,0.0
113,2,0.135,25.5,0.0
114,0,4.225,102.0,0.0
114,1,0.07,13.5,0.0
114,2,0.12,23.0,0.0
115,0,4.1899999999999995,115.5,1800.5
115,1,0.065,12.0,0.0
115,2,0.08499999999999999,16.5,0.0
116,0,4.445,94.0,0.0
116,1,0.055,10.5,0.0
116,2,0.09,17.5,0.0
117,0,4.234999999999999,90.0,0.0
117,1,0.065,12.5,0.0
117,2,0.12000000000000001,22.5,0.0
118,0,4.21,89.0,716.5
118,1,0.07,13.0,0.0
118,2,0.08499999999999999,16.5,0.0
119,0,4.205,103.0,0.0
119,1,0.045,9.0,0.0
119,2,0.09,17.5,0.0
120,0,4.21,89.0,0.0
120,1,0.06,12.0,0.0
120,2,0.11499999999999999,20.5,0.0
121,0,4.225,103.0,0.0
121,1,0.065,13.0,0.0
121,2,0.125,24.0,0.0
122,0,4.21,89.0,716.5
122,1,0.045,8.5,79.0
122,2,0.095,18.5,0.0
123,0,4.21,89.0,0.0
123,1,0.045,8.0,0.0
123,2,0.13,24.0,0.0
124,0,4.21,89.0,0.0
124,1,0.07500000000000001,14.5,0.0
124,2,0.125,24.0,0.0
125,0,4.234999999999999,89.5,0.0
125,1,0.05500000000000001,10.5,0.0
125,2,0.08,15.0,0.0
126,0,4.17,115.0,0.0
126,1,0.045,8.0,0.0
126,2,0.13,25.0,0.0
127,0,4.23,102.5,716.5
127,1,0.055,11.0,0.0
127,2,0.11,21.0,0.0
128,0,4.46,93.5,0.0
128,1,0.060000000000000005,11.5,0.0
128,2,0.08,15.5,0.0
129,0,4.205,102.0,0.0
129,1,0.05,9.5,0.0
129,2,0.1,18.0,0.0
130,0,4.25,102.0,0.0
130,1,0.045000000000000005,8.5,0.0
130,2,0.07500000000000001,15.0,0.0
131,0,4.225,112.0,716.5
131,1,0.06,11.5,0.0
131,2,0.115,22.0,0.0
132,0,4.215,97.0,0.0
132,1,0.065,13.0,0.0
132,2,0.135,26.0,0.0
133,0,4.205,112.5,492.5
133,1,0.08,15.5,0.0
133,2,0.125,22.5,0.0
134,0,4.225,103.5,2842.0
134,1,0.06,11.5,0.0
134,2,0.11,21.0,0.0
135,0,4.21,89.0,716.5
135,1,0.07,13.0,0.0
135,2,0.14,25.0,0.0
136,0,4.26,90.0,0.0
136,1,0.060000000000000005,12.0,0.0
136,2,0.095,19.0,0.0
137,0,4.205,102.0,716.5
137,1,0.055,10.5,0.0
137,2,0.095,18.5,0.0
138,0,4.175,94.0,3307.0
138,1,0.055,11.0,0.0
138,2,0.11499999999999999,21.5,0.0
139,0,4.205,102.5,0.0
139,1,0.055,11.0,0.0
139,2,0.125,22.5,0.0
140,0,4.21,89.0,0.0
140,1,0.05,10.0,0.0
140,2,0.125,23.0,0.0
141,0,4.195,116.0,716.5
141,1,0.07,14.0,0.0
141,2,0.125,22.5,0.0
142,0,4.225,103.5,3619.5
142,1,0.055,10.5,0.0
142,2,0.11499999999999999,22.0,0.0
143,0,4.445,93.5,0.0
143,1,0.08499999999999999,16.0,0.0
143,2,0.135,24.0,0.0
144,0,4.205,102.0,0.0
144,1,0.06,11.5,0.0
144,2,0.14,27.5,0.0
145,0,4.175,94.0,2590.5
145,1,0.04,7.5,0.0
145,2,0.11,21.0,0.0
146,0,4.234999999999999,89.5,716.5
146,1,0.075,14.0,0.0
146,2,0.11,20.0,0.0
147,0,4.32,92.5,0.0
147,1,0.045,9.0,0.0
147,2,0.11,20.0,0.0
148,0,4.21,89.0,716.5
148,1,0.05,9.5,0.0
148,2,0.13,23.5,0.0
149,0,4.220000000000001,115.0,0.0
149,1,0.06,11.5,0.0
149,2,0.07,12.5,0.0
150,0,4.205,101.0,0.0
150,1,0.065,12.5,0.0
150,2,0.14,25.5,0.0
151,0,4.21,100.5,716.5
151,1,0.060000000000000005,12.0,0.0
151,2,0.105,19.5,0.0
152,0,4.225,105.0,716.5
152,1,0.05,9.0,0.0
152,2,0.1,17.5,0.0
153,0,4.21,100.0,0.0
153,1,0.035,24.5,0.0
153,2,0.085,29.5,73.5
154,0,4.2,104.0,0.0
154,1,0.07,14.0,79.0
154,2,0.115,22.5,0.0
155,0,4.21,89.0,716.5
155,1,0.055,10.0,0.0
155,2,0.07500000000000001,15.0,0.0
156,0,4.234999999999999,89.5,716.5
156,1,0.08499999999999999,17.0,79.0
156,2,0.125,24.0,0.0
157,0,4.234999999999999,89.5,0.0
157,1,0.085,16.5,0.0
157,2,0.115,20.0,0.0
158,0,4.199999999999999,102.5,716.5
158,1,0.07500000000000001,14.5,0.0
158,2,0.135,25.5,79.0
159,0,4.234999999999999,89.5,0.0
159,1,0.07,13.5,0.0
159,2,0.12,22.5,0.0
160,0,4.24,96.5,716.5
160,1,0.055,10.5,0.0
160,2,0.11499999999999999,21.5,0.0
161,0,4.21,89.0,0.0
161,1,0.08,33.5,0.0
161,2,0.125,24.5,0.0
162,0,4.21,96.5,716.5
162,1,0.065,12.5,0.0
162,2,0.12000000000000001,23.5,79.0
163,0,4.21,89.0,716.5
163,1,0.03,5.5,0.0
163,2,0.125,22.5,0.0
164,0,4.205,102.0,1769.5
164,1,0.065,12.5,0.0
164,2,0.095,17.5,0.0
165,0,4.205,102.0,716.5
165,1,0.07,13.5,0.0
165,2,0.13,23.0,0.0
166,0,4.234999999999999,89.5,0.0
166,1,0.045,8.0,0.0
166,2,0.12,23.0,0.0
167,0,4.205,100.5,0.0
167,1,0.07,14.0,0.0
167,2,0.125,24.0,0.0
168,0,4.234999999999999,89.5,716.5
168,1,0.04,8.0,79.0
168,2,0.1,18.5,0.0
169,0,4.1899999999999995,119.0,716.5
169,1,0.07500000000000001,14.5,0.0
169,2,0.115,20.0,0.0
170,0,4.21,89.0,0.0
170,1,0.065,12.0,0.0
170,2,0.115,22.0,0.0
171,0,4.21,89.0,716.5
171,1,0.07,13.5,0.0
171,2,0.125,23.5,0.0
172,0,4.23,109.5,716.5
172,1,0.05,13.0,79.0
172,2,0.11,21.0,0.0
173,0,4.234999999999999,89.5,716.5
173,1,0.04,7.5,0.0
173,2,0.13,25.0,79.0
174,0,4.205,102.0,0.0
174,1,0.065,12.5,0.0
174,2,0.105,19.5,0.0
175,0,4.21,89.0,716.5
175,1,0.045,10.0,0.0
175,2,0.13,23.5,0.0
176,0,4.225,103.5,716.5
176,1,0.065,12.5,0.0
176,2,0.115,22.0,0.0
177,0,4.24,96.5,331.5
177,1,0.045,8.5,0.0
177,2,0.11,20.5,0.0
178,0,4.215,96.0,331.5
178,1,0.065,12.0,0.0
178,2,0.115,21.5,0.0
179,0,4.234999999999999,89.5,716.5
179,1,0.05500000000000001,10.5,0.0
179,2,0.11000000000000001,18.5,0.0
180,0,4.234999999999999,89.5,716.5
180,1,0.07,13.5,0.0
180,2,0.105,19.5,0.0
181,0,4.234999999999999,89.5,0.0
181,1,0.05,9.5,0.0
181,2,0.11,20.5,0.0
182,0,4.115,106.5,6842.0
182,1,0.07500000000000001,14.5,0.0
182,2,0.135,24.0,0.0
183,0,4.225,102.5,0.0
183,1,0.060000000000000005,11.5,79.0
183,2,0.08499999999999999,16.5,0.0
184,0,4.225,104.5,716.5
184,1,0.07,14.0,0.0
184,2,0.11499999999999999,22.0,0.0
185,0,4.21,89.0,0.0
185,1,0.05,9.5,79.0
185,2,0.095,18.5,0.0
186,0,4.205,102.0,716.5
186,1,0.075,14.5,0.0
186,2,0.115,21.5,0.0
187,0,4.234999999999999,89.5,716.5
187,1,0.065,14.0,0.0
187,2,0.125,23.0,0.0
188,0,4.234999999999999,89.5,0.0
188,1,0.07500000000000001,14.5,0.0
188,2,0.175,30.5,0.0
189,0,4.2,103.5,0.0
189,1,0.060000000000000005,11.0,0.0
189,2,0.105,19.0,0.0
190,0,4.225,104.5,716.5
190,1,0.05500000000000001,10.5,0.0
190,2,0.095,17.5,0.0
191,0,4.225,102.5,0.0
191,1,0.035,6.5,0.0
191,2,0.125,22.5,0.0
192,0,4.234999999999999,89.5,716.5
192,1,0.055,11.0,0.0
192,2,0.1,18.5,79.0
193,0,4.234999999999999,89.5,0.0
193,1,0.05500000000000001,10.0,0.0
193,2,0.135,24.0,79.0
194,0,4.234999999999999,89.5,0.0
194,1,0.065,12.0,0.0
194,2,0.10500000000000001,20.0,0.0
195,0,4.234999999999999,89.5,716.5
195,1,0.075,14.5,0.0
195,2,0.14,26.0,79.0
196,0,4.265,102.0,716.5
196,1,0.045,8.5,0.0
196,2,0.125,24.0,0.0
197,0,4.234999999999999,89.5,0.0
197,1,0.05500000000000001,10.0,0.0
197,2,0.135,25.5,0.0
198,0,4.234999999999999,89.5,0.0
198,1,0.05,9.5,0.0
198,2,0.14,25.5,0.0
199,0,4.23,101.0,716.5
199,1,0.055,10.5,0.0
199,2,0.11,18.5,0.0
200,0,4.255,116.0,0.0
200,1,0.05,9.5,0.0
200,2,0.09,17.5,0.0
201,0,4.234999999999999,89.5,716.5
201,1,0.065,12.5,0.0
201,2,0.12,22.5,0.0
202,0,4.24,104.5,0.0
202,1,0.07,14.0,0.0
202,2,0.11499999999999999,21.0,0.0
203,0,4.234999999999999,89.5,716.5
203,1,0.08,15.0,0.0
203,2,0.08499999999999999,16.0,0.0
204,0,4.21,89.0,0.0
204,1,0.075,20.0,0.0
204,2,0.12,22.0,0.0
205,0,4.0649999999999995,96.5,6769.0
205,1,0.05,9.5,0.0
205,2,0.08,15.5,0.0
206,0,4.21,89.0,0.0
206,1,0.07,13.0,0.0
206,2,0.10500000000000001,19.0,0.0
207,0,4.225,102.5,716.5
207,1,0.045,8.5,79.0
207,2,0.095,18.5,0.0
208,0,4.225,103.0,716.5
208,1,0.045,8.5,0.0
208,2,0.08499999999999999,15.5,0.0
209,0,4.234999999999999,89.5,0.0
209,1,0.035,7.0,0.0
209,2,0.125,24.0,79.0
210,0,4.24,103.0,716.5
210,1,0.07500000000000001,14.5,0.0
210,2,0.12,23.5,0.0
211,0,4.23,102.5,716.5
211,1,0.065,12.5,0.0
211,2,0.11499999999999999,21.0,79.0
212,0,4.21,89.0,0.0
212,1,0.065,12.5,0.0
212,2,0.1,19.0,0.0
213,0,4.21,89.0,716.5
213,1,0.055,10.0,0.0
213,2,0.135,24.0,0.0
214,0,4.234999999999999,89.5,716.5
214,1,0.065,12.5,0.0
214,2,0.14,25.5,0.0
215,0,4.23,103.5,0.0
215,1,0.03,6.0,0.0
215,2,0.1,18.5,79.0
216,0,4.215,110.5,0.0
216,1,0.08,16.0,0.0
216,2,0.11,20.5,0.0
217,0,4.234999999999999,89.5,716.5
217,1,0.04,8.0,0.0
217,2,0.11,21.0,0.0
218,0,4.205,108.5,1372.5
218,1,0.06,11.5,0.0
218,2,0.095,18.5,0.0
219,0,4.365,91.5,716.5
219,1,0.065,12.5,0.0
219,2,0.09,17.5,79.0
220,0,4.225,104.5,716.5
220,1,0.065,12.0,0.0
220,2,0.11499999999999999,22.0,0.0
221,0,4.21,89.0,0.0
221,1,0.065,12.5,0.0
221,2,0.12000000000000001,21.5,0.0
222,0,4.21,89.0,716.5
222,1,0.07,13.0,0.0
222,2,0.15,26.0,0.0
223,0,4.130000000000001,112.0,4137.5
223,1,0.04,7.0,0.0
223,2,0.07,14.0,0.0
224,0,4.21,101.0,0.0
224,1,0.03,5.5,0.0
224,2,0.11,21.5,0.0
225,0,4.215,129.0,716.5
225,1,0.055,11.0,0.0
225,2,0.1,19.0,0.0
226,0,4.265000000000001,102.5,0.0
226,1,0.065,12.5,0.0
226,2,0.11499999999999999,20.5,0.0
227,0,4.21,89.0,0.0
227,1,0.05,9.5,0.0
227,2,0.12,22.5,0.0
228,0,4.234999999999999,89.5,716.5
228,1,0.045,8.5,79.0
228,2,0.08499999999999999,16.5,0.0
229,0,4.234999999999999,89.5,716.5
229,1,0.04,7.5,0.0
229,2,0.105,18.0,0.0
230,0,4.225,102.0,0.0
230,1,0.05500000000000001,10.0,0.0
230,2,0.10500000000000001,18.0,0.0
231,0,4.21,96.5,716.5
231,1,0.05,9.5,0.0
231,2,0.08,16.0,0.0
232,0,4.355,106.5,0.0
232,1,0.075,14.0,0.0
232,2,0.11499999999999999,21.5,0.0
233,0,4.225,104.5,0.0
233,1,0.04,7.0,79.0
233,2,0.16,28.5,79.0
234,0,4.23,103.0,0.0
234,1,0.07500000000000001,14.0,0.0
234,2,0.125,24.0,0.0
235,0,4.234999999999999,89.5,716.5
235,1,0.065,12.5,0.0
235,2,0.11499999999999999,22.0,0.0
236,0,4.245,90.0,716.5
236,1,0.06,11.5,0.0
236,2,0.135,25.0,0.0
237,0,4.234999999999999,89.5,0.0
237,1,0.055,10.0,0.0
237,2,0.11499999999999999,21.0,0.0
238,0,4.24,97.5,0.0
238,1,0.06,12.0,0.0
238,2,0.115,22.5,0.0
239,0,4.225,104.5,716.5
239,1,0.065,12.5,0.0
239,2,0.10500000000000001,19.0,0.0
240,0,4.234999999999999,89.5,716.5
240,1,0.045,8.0,0.0
240,2,0.10500000000000001,20.0,0.0
241,0,4.145,110.5,3043.0
241,1,0.060000000000000005,11.5,0.0
241,2,0.11499999999999999,22.0,79.0
242,0,4.24,108.5,716.5
242,1,0.05,9.5,0.0
242,2,0.08,14.5,79.0
243,0,4.23,101.5,0.0
243,1,0.04,7.5,0.0
243,2,0.125,23.5,0.0
244,0,4.225,102.0,3033.0
244,1,0.08,16.0,0.0
244,2,0.1,18.0,0.0
245,0,4.21,89.0,0.0
245,1,0.07500000000000001,14.5,0.0
245,2,0.11,21.0,0.0
246,0,4.26,90.0,716.5
246,1,0.07,13.0,0.0
246,2,0.165,29.5,0.0
247,0,4.234999999999999,89.5,0.0
247,1,0.05,9.0,0.0
247,2,0.13,41.5,0.0
248,0,4.21,89.0,0.0
248,1,0.060000000000000005,11.0,0.0
248,2,0.095,18.5,0.0
249,0,4.234999999999999,89.5,716.5
249,1,0.05,10.0,0.0
249,2,0.09,17.0,79.0
250,0,4.234999999999999,89.5,716.5
250,1,0.060000000000000005,11.0,0.0
250,2,0.14500000000000002,39.0,0.0
251,0,4.234999999999999,89.5,0.0
251,1,0.07,13.0,0.0
251,2,0.10500000000000001,20.0,0.0
252,0,4.2,101.5,0.0
252,1,0.04,7.0,0.0
252,2,0.1,19.5,79.0
253,0,4.27,98.0,0.0
253,1,0.05,9.0,0.0
253,2,0.13,24.0,0.0
254,0,4.21,89.0,0.0
254,1,0.045,8.0,0.0
254,2,0.09,17.5,0.0
255,0,4.234999999999999,89.5,716.5
255,1,0.060000000000000005,11.5,0.0
255,2,0.145,25.0,0.0
256,0,4.035,106.5,5434.0
256,1,0.05,9.5,0.0
256,2,0.085,15.5,0.0
257,0,4.234999999999999,89.5,0.0
257,1,0.034999999999999996,6.5,0.0
257,2,0.12,22.0,0.0
258,0,4.21,89.0,0.0
258,1,0.045,8.5,0.0
258,2,0.115,22.0,0.0
259,0,4.234999999999999,89.5,716.5
259,1,0.06,11.0,0.0
259,2,0.125,22.5,0.0
260,0,4.234999999999999,89.5,716.5
260,1,0.08,15.0,0.0
260,2,0.095,18.0,0.0
261,0,4.27,98.0,0.0
261,1,0.07,13.5,0.0
261,2,0.095,17.5,0.0
262,0,4.21,89.0,716.5
262,1,0.065,12.0,0.0
262,2,0.125,23.5,0.0
263,0,4.23,101.5,0.0
263,1,0.07,13.0,0.0
263,2,0.135,24.0,0.0
264,0,4.225,103.0,716.5
264,1,0.060000000000000005,11.0,0.0
264,2,0.12,22.5,0.0
265,0,4.21,89.0,0.0
265,1,0.07,13.0,79.0
265,2,0.125,23.0,0.0
266,0,4.234999999999999,89.5,716.5
266,1,0.065,12.5,0.0
266,2,0.1,18.0,0.0
267,0,4.234999999999999,89.5,716.5
267,1,0.045,8.5,0.0
267,2,0.12,21.5,0.0
268,0,4.234999999999999,89.5,0.0
268,1,0.05500000000000001,10.0,0.0
268,2,0.11,21.0,0.0
269,0,4.255,111.0,0.0
269,1,0.05,10.0,79.0
269,2,0.135,24.5,79.0
270,0,4.215,117.0,716.5
270,1,0.055,11.0,0.0
270,2,0.105,20.0,0.0
271,0,4.234999999999999,89.5,716.5
271,1,0.065,12.0,0.0
271,2,0.09,17.0,0.0
272,0,4.234999999999999,89.5,0.0
272,1,0.060000000000000005,11.5,0.0
272,2,0.08,15.0,0.0
273,0,4.2,101.5,3321.0
273,1,0.07,13.0,0.0
273,2,0.125,24.0,0.0
274,0,4.234999999999999,89.5,0.0
274,1,0.08,15.5,0.0
274,2,0.125,23.0,0.0
275,0,3.99,98.5,6886.0
275,1,0.08,15.0,0.0
275,2,0.12,23.0,0.0
276,0,4.21,89.0,716.5
276,1,0.085,17.0,0.0
276,2,0.1,18.5,0.0
277,0,4.225,103.5,716.5
277,1,0.05,9.5,0.0
277,2,0.095,17.5,0.0
278,0,4.234999999999999,89.5,0.0
278,1,0.060000000000000005,11.5,0.0
278,2,0.15000000000000002,26.0,0.0
279,0,4.21,89.0,0.0
279,1,0.060000000000000005,11.0,0.0
279,2,0.13,24.5,0.0
280,0,4.234999999999999,89.5,716.5
280,1,0.045,8.0,0.0
280,2,0.11499999999999999,21.5,0.0
281,0,4.234999999999999,89.5,716.5
281,1,0.08499999999999999,16.5,79.0
281,2,0.10500000000000001,18.5,79.0
282,0,4.234999999999999,89.5,0.0
282,1,0.07,14.0,0.0
282,2,0.125,23.0,0.0
283,0,4.21,89.0,0.0
283,1,0.065,12.5,0.0
283,2,0.11499999999999999,21.0,0.0
284,0,4.23,103.5,716.5
284,1,0.07500000000000001,14.0,0.0
284,2,0.13,24.0,0.0
285,0,4.234999999999999,89.5,716.5
285,1,0.065,12.5,0.0
285,2,0.125,23.0,0.0
286,0,4.234999999999999,89.5,0.0
286,1,0.065,12.0,0.0
286,2,0.1,19.5,0.0
287,0,4.21,89.0,716.5
287,1,0.05500000000000001,10.0,0.0
287,2,0.115,21.0,0.0
288,0,4.234999999999999,89.5,0.0
288,1,0.045,8.5,0.0
288,2,0.11499999999999999,21.0,0.0
289,0,4.225,102.5,0.0
289,1,0.05500000000000001,10.5,0.0
289,2,0.135,24.5,0.0
290,0,4.225,104.5,0.0
290,1,0.065,13.0,0.0
290,2,0.08499999999999999,16.0,0.0
291,0,4.234999999999999,89.5,0.0
291,1,0.04,7.5,0.0
291,2,0.13,24.0,0.0
292,0,4.234999999999999,89.5,520.5
292,1,0.045,8.5,0.0
292,2,0.12000000000000001,22.0,0.0
293,0,4.234999999999999,89.5,716.5
293,1,0.06,11.5,0.0
293,2,0.095,18.5,0.0
294,0,4.234999999999999,89.5,716.5
294,1,0.05,9.5,0.0
294,2,0.135,26.5,0.0
295,0,4.2,102.0,0.0
295,1,0.05500000000000001,10.0,0.0
295,2,0.1,19.0,0.0
296,0,4.234999999999999,89.5,716.5
296,1,0.055,10.5,0.0
296,2,0.125,24.5,0.0
297,0,4.234999999999999,89.5,0.0
297,1,0.05,10.0,0.0
297,2,0.10500000000000001,20.5,0.0
298,0,4.234999999999999,89.5,0.0
298,1,0.075,14.5,79.0
298,2,0.135,25.5,0.0
299,0,4.2,105.0,0.0
299,1,0.04,8.0,0.0
299,2,0.11000000000000001,20.5,79.0
300,0,4.23,101.5,716.5
300,1,0.060000000000000005,11.5,0.0
300,2,0.13,23.5,0.0
301,0,4.234999999999999,89.5,716.5
301,1,0.055,10.5,0.0
301,2,0.11499999999999999,21.0,0.0
302,0,4.234999999999999,89.5,0.0
302,1,0.055,11.0,0.0
302,2,0.125,23.5,0.0
303,0,4.03,99.5,4027.5
303,1,0.07,13.5,0.0
303,2,0.11,19.5,79.0
304,0,4.225,104.5,716.5
304,1,0.060000000000000005,12.0,0.0
304,2,0.085,15.0,0.0
305,0,4.220000000000001,104.5,0.0
305,1,0.05500000000000001,10.5,0.0
305,2,0.12,22.0,0.0
306,0,4.21,89.0,0.0
306,1,0.06,11.5,0.0
306,2,0.13,25.5,0.0
307,0,4.234999999999999,89.5,0.0
307,1,0.045,8.0,0.0
307,2,0.14,25.0,0.0
308,0,4.234999999999999,89.5,0.0
308,1,0.055,10.0,0.0
308,2,0.095,34.5,0.0
309,0,4.234999999999999,89.5,716.5
309,1,0.065,12.5,0.0
309,2,0.095,17.5,0.0
310,0,4.24,97.0,0.0
310,1,0.06,11.0,0.0
310,2,0.125,22.5,0.0
311,0,4.2,102.5,0.0
311,1,0.06,11.5,0.0
311,2,0.13,25.0,0.0
312,0,4.095,108.0,0.0
312,1,0.07500000000000001,14.5,0.0
312,2,0.1,18.5,0.0
313,0,4.24,96.5,716.5
313,1,0.065,12.5,79.0
313,2,0.115,21.0,0.0
314,0,4.205,102.0,0.0
314,1,0.060000000000000005,11.5,0.0
314,2,0.11,21.0,0.0
315,0,4.2,103.5,716.5
315,1,0.06,11.5,0.0
315,2,0.11499999999999999,20.5,0.0
316,0,4.234999999999999,89.5,0.0
316,1,0.05,9.5,0.0
316,2,0.095,33.5,0.0
317,0,4.24,96.5,0.0
317,1,0.07500000000000001,14.0,0.0
317,2,0.095,17.0,0.0
318,0,4.21,89.0,0.0
318,1,0.060000000000000005,12.0,0.0
318,2,0.12,21.5,79.0
319,0,4.21,89.0,716.5
319,1,0.060000000000000005,11.0,0.0
319,2,0.1,19.0,0.0
320,0,4.3100000000000005,109.0,716.5
320,1,0.045,9.0,0.0
320,2,0.14,25.5,0.0
321,0,4.234999999999999,89.5,0.0
321,1,0.05,10.0,0.0
321,2,0.095,17.5,0.0
322,0,4.2,104.0,0.0
322,1,0.05,10.0,0.0
322,2,0.10500000000000001,19.5,0.0
323,0,4.285,95.0,0.0
323,1,0.045,9.0,0.0
323,2,0.11,20.5,0.0
324,0,4.234999999999999,89.5,716.5
324,1,0.08,15.0,0.0
324,2,0.10500000000000001,20.5,0.0
325,0,4.21,89.0,0.0
325,1,0.06,12.0,0.0
325,2,0.1,19.0,79.0
326,0,4.21,89.0,0.0
326,1,0.055,10.5,0.0
326,2,0.115,22.5,0.0
327,0,4.21,89.0,0.0
327,1,0.07500000000000001,14.0,0.0
327,2,0.12,22.5,0.0
328,0,4.21,89.0,0.0
328,1,0.05,9.5,0.0
328,2,0.125,41.0,54.5
329,0,4.205,102.0,716.5
329,1,0.055,10.0,79.0
329,2,0.09,17.5,0.0
330,0,4.225,102.5,0.0
330,1,0.055,11.0,0.0
330,2,0.11,21.0,0.0
331,0,4.21,89.0,0.0
331,1,0.05,9.5,0.0
331,2,0.125,22.5,79.0
332,0,4.18,99.5,3047.5
332,1,0.065,12.5,0.0
332,2,0.13,24.5,0.0
333,0,4.225,103.5,716.5
333,1,0.05,9.5,0.0
333,2,0.135,25.0,0.0
334,0,4.21,89.0,0.0
334,1,0.045,14.5,0.0
334,2,0.13,23.0,0.0
335,0,4.21,89.0,0.0
335,1,0.07,13.5,0.0
335,2,0.12,22.0,0.0
336,0,4.1899999999999995,105.0,2497.5
336,1,0.060000000000000005,11.5,0.0
336,2,0.125,23.0,0.0
337,0,4.215,97.0,331.5
337,1,0.04,7.5,0.0
337,2,0.08499999999999999,16.5,0.0
338,0,4.285,95.5,716.5
338,1,0.06,12.0,0.0
338,2,0.09,17.0,0.0
339,0,4.225,102.0,0.0
339,1,0.04,8.0,0.0
339,2,0.1,17.0,158.0
340,0,4.234999999999999,89.5,0.0
340,1,0.065,12.0,0.0
340,2,0.115,21.5,79.0
341,0,4.3,109.5,342.5
341,1,0.060000000000000005,12.0,0.0
341,2,0.135,24.0,0.0
342,0,4.225,103.0,520.5
342,1,0.05,9.0,0.0
342,2,0.1,19.5,0.0
343,0,4.245,89.5,0.0
343,1,0.05,9.5,0.0
343,2,0.12,23.0,0.0
344,0,4.2,103.5,0.0
344,1,0.055,10.0,0.0
344,2,0.12,21.5,79.0
345,0,4.234999999999999,89.5,716.5
345,1,0.060000000000000005,11.5,0.0
345,2,0.095,17.0,0.0
346,0,4.234999999999999,89.5,0.0
346,1,0.07,13.5,0.0
346,2,0.11499999999999999,22.0,0.0
347,0,4.195,91.0,2847.5
347,1,0.065,12.0,0.0
347,2,0.13,24.5,0.0
348,0,4.21,89.0,0.0
348,1,0.055,10.0,0.0
348,2,0.115,20.5,0.0
349,0,4.234999999999999,89.5,716.5
349,1,0.06,12.0,79.0
349,2,0.13,25.0,0.0
350,0,4.225,103.0,716.5
350,1,0.060000000000000005,11.5,0.0
350,2,0.135,26.0,0.0
351,0,4.17,90.5,2875.0
351,1,0.07500000000000001,14.5,0.0
351,2,0.09,17.5,0.0
352,0,4.21,89.0,0.0
352,1,0.04,7.5,0.0
352,2,0.125,24.5,0.0
353,0,4.234999999999999,89.5,0.0
353,1,0.065,12.0,0.0
353,2,0.1,17.5,0.0
354,0,4.225,104.0,716.5
354,1,0.07500000000000001,14.5,0.0
354,2,0.13,25.0,0.0
355,0,4.234999999999999,89.5,0.0
355,1,0.05,9.5,0.0
355,2,0.12000000000000001,22.5,0.0
356,0,4.205,104.0,0.0
356,1,0.045,9.0,0.0
356,2,0.095,17.5,0.0
357,0,4.234999999999999,89.5,716.5
357,1,0.055,11.0,0.0
357,2,0.10500000000000001,20.0,0.0
358,0,4.24,101.0,716.5
358,1,0.06,11.0,0.0
358,2,0.12,23.0,0.0
359,0,4.21,89.0,0.0
359,1,0.05,10.0,0.0
359,2,0.09,17.0,0.0
360,0,4.1049999999999995,107.5,4627.5
360,1,0.065,12.0,0.0
360,2,0.095,17.0,0.0
361,0,4.215,117.5,2859.5
361,1,0.06,11.5,0.0
361,2,0.1,18.5,0.0
362,0,4.234999999999999,89.5,0.0
362,1,0.060000000000000005,11.0,0.0
362,2,0.085,16.0,0.0
363,0,4.21,89.0,0.0
363,1,0.08499999999999999,16.5,0.0
363,2,0.11,20.0,0.0
364,0,4.21,89.0,716.5
364,1,0.05,9.5,0.0
364,2,0.1,18.5,0.0
365,0,4.225,111.0,0.0
365,1,0.06,11.0,0.0
365,2,0.13,24.0,0.0
366,0,4.234999999999999,89.5,0.0
366,1,0.06,11.0,0.0
366,2,0.11,21.0,0.0
367,0,4.21,89.0,0.0
367,1,0.05500000000000001,11.0,0.0
367,2,0.125,23.0,0.0
368,0,4.21,89.0,716.5
368,1,0.035,7.0,0.0
368,2,0.1,19.0,0.0
369,0,4.23,102.5,0.0
369,1,0.07,13.0,0.0
369,2,0.10500000000000001,19.5,0.0
370,0,4.21,89.0,0.0
370,1,0.04,7.0,0.0
370,2,0.09,16.5,79.0
371,0,4.205,100.5,0.0
371,1,0.05,16.0,0.0
371,2,0.11000000000000001,20.5,0.0
372,0,4.140000000000001,229.5,469.0
372,1,0.045,8.5,0.0
372,2,0.125,23.0,0.0
373,0,4.21,89.0,0.0
373,1,0.03,6.0,0.0
373,2,0.09,17.0,0.0
374,0,4.404999999999999,93.5,716.5
374,1,0.07500000000000001,14.0,0.0
374,2,0.09,18.0,0.0
375,0,4.215,106.0,0.0
375,1,0.05,9.5,0.0
375,2,0.11499999999999999,21.0,0.0
376,0,4.225,104.5,2907.5
376,1,0.045000000000000005,9.0,0.0
376,2,0.15000000000000002,27.0,0.0
377,0,4.215,96.0,0.0
377,1,0.06,11.5,0.0
377,2,0.115,22.0,0.0
378,0,4.234999999999999,89.5,716.5
378,1,0.07,13.0,0.0
378,2,0.11499999999999999,19.5,0.0
379,0,4.21,89.0,716.5
379,1,0.055,10.5,0.0
379,2,0.095,19.0,0.0
380,0,4.225,104.0,0.0
380,1,0.065,13.0,0.0
380,2,0.11,21.0,0.0
381,0,4.21,89.0,0.0
381,1,0.06,11.0,0.0
381,2,0.1,19.5,0.0
382,0,4.125,108.5,4453.0
382,1,0.07500000000000001,15.0,0.0
382,2,0.10500000000000001,20.5,0.0
383,0,4.220000000000001,115.5,1976.0
383,1,0.07,13.5,0.0
383,2,0.1,17.0,0.0
384,0,4.21,89.0,0.0
384,1,0.065,12.5,0.0
384,2,0.12,22.5,0.0
385,0,4.21,89.0,0.0
385,1,0.08,15.5,0.0
385,2,0.125,23.5,0.0
386,0,4.215,118.5,2859.5
386,1,0.060000000000000005,11.5,0.0
386,2,0.155,27.5,79.0
387,0,4.225,104.0,0.0
387,1,0.055,11.0,0.0
387,2,0.1,18.0,0.0
388,0,4.404999999999999,108.5,0.0
388,1,0.045,9.0,0.0
388,2,0.135,25.0,0.0
389,0,4.23,105.0,3537.0
389,1,0.05,9.5,0.0
389,2,0.12,23.0,0.0
390,0,4.234999999999999,89.5,0.0
390,1,0.055,10.0,0.0
390,2,0.12,22.0,0.0
391,0,4.195,116.0,0.0
391,1,0.07500000000000001,15.0,0.0
391,2,0.105,20.5,0.0
392,0,4.225,102.5,0.0
392,1,0.065,12.0,0.0
392,2,0.11000000000000001,20.0,0.0
393,0,4.23,103.5,716.5
393,1,0.05,10.0,0.0
393,2,0.07500000000000001,13.5,0.0
394,0,4.215,97.0,0.0
394,1,0.055,10.0,0.0
394,2,0.11,20.0,0.0
395,0,4.21,89.0,0.0
395,1,0.05500000000000001,10.5,0.0
395,2,0.12,21.5,0.0
396,0,4.234999999999999,89.5,0.0
396,1,0.05,9.5,0.0
396,2,0.095,17.0,0.0
397,0,4.225,103.0,0.0
397,1,0.05,10.0,0.0
397,2,0.1,19.0,0.0
398,0,4.21,89.0,0.0
398,1,0.055,10.5,0.0
398,2,0.12,22.0,0.0
399,0,4.215,119.0,0.0
399,1,0.060000000000000005,11.5,0.0
399,2,0.095,17.5,0.0
400,0,4.2,102.5,0.0
400,1,0.06,12.0,0.0
400,2,0.11,21.5,0.0
401,0,4.234999999999999,89.5,0.0
401,1,0.06,11.0,0.0
401,2,0.11,21.0,0.0
402,0,4.234999999999999,89.5,716.5
402,1,0.055,10.5,0.0
402,2,0.135,25.0,0.0
403,0,4.225,102.0,0.0
403,1,0.05500000000000001,11.0,0.0
403,2,0.11,21.5,0.0
404,0,4.24,103.0,0.0
404,1,0.065,12.0,0.0
404,2,0.12,22.0,0.0
405,0,4.234999999999999,89.5,0.0
405,1,0.05,9.0,0.0
405,2,0.12,22.0,0.0
406,0,4.234999999999999,89.5,0.0
406,1,0.04,7.5,0.0
406,2,0.11499999999999999,22.0,0.0
407,0,4.234999999999999,89.5,0.0
407,1,0.045,9.0,0.0
407,2,0.12,23.0,0.0
408,0,4.234999999999999,89.5,716.5
408,1,0.05,9.5,0.0
408,2,0.11,21.0,0.0
409,0,4.225,102.0,3061.0
409,1,0.04,7.5,0.0
409,2,0.12,22.0,0.0
410,0,4.234999999999999,89.5,0.0
410,1,0.060000000000000005,11.5,0.0
410,2,0.07500000000000001,14.5,0.0
411,0,4.234999999999999,89.5,0.0
411,1,0.055,10.5,0.0
411,2,0.12,21.5,0.0
412,0,4.225,102.5,716.5
412,1,0.055,10.0,0.0
412,2,0.135,24.0,0.0
413,0,4.21,89.0,0.0
413,1,0.055,11.0,0.0
413,2,0.1,18.5,0.0
414,0,4.37,104.5,0.0
414,1,0.045,9.0,0.0
414,2,0.13,24.5,0.0
415,0,4.234999999999999,89.5,0.0
415,1,0.05500000000000001,11.0,79.0
415,2,0.11,19.0,0.0
416,0,4.225,103.0,0.0
416,1,0.09,17.5,0.0
416,2,0.125,23.5,0.0
417,0,4.21,89.0,0.0
417,1,0.08,30.5,0.0
417,2,0.11,21.5,0.0
418,0,4.33,89.5,716.5
418,1,0.060000000000000005,11.5,0.0
418,2,0.135,32.5,0.0
419,0,4.365,91.5,0.0
419,1,0.065,13.0,0.0
419,2,0.14,25.5,0.0
420,0,4.234999999999999,89.5,0.0
420,1,0.060000000000000005,11.5,0.0
420,2,0.10500000000000001,19.5,0.0
421,0,4.2,102.5,0.0
421,1,0.09,17.5,0.0
421,2,0.115,21.0,79.0
422,0,4.21,89.0,0.0
422,1,0.060000000000000005,11.0,0.0
422,2,0.1,19.0,0.0
423,0,4.21,89.0,0.0
423,1,0.05,10.0,0.0
423,2,0.075,14.5,0.0
424,0,4.27,102.5,0.0
424,1,0.06,11.0,0.0
424,2,0.13,24.0,0.0
425,0,4.295,104.5,716.5
425,1,0.055,10.5,0.0
425,2,0.1,18.5,0.0
426,0,4.234999999999999,116.0,5283.0
426,1,0.095,18.0,0.0
426,2,0.12,22.0,0.0
427,0,4.234999999999999,89.5,716.5
427,1,0.065,12.5,0.0
427,2,0.11499999999999999,19.5,79.0
428,0,4.395,92.0,0.0
428,1,0.045,8.5,0.0
428,2,0.09,16.5,0.0
429,0,4.234999999999999,89.5,0.0
429,1,0.065,12.5,0.0
429,2,0.135,25.5,0.0
430,0,4.2,104.0,0.0
430,1,0.07500000000000001,14.0,0.0
430,2,0.09,17.0,0.0
431,0,4.234999999999999,89.5,716.5
431,1,0.055,10.0,0.0
431,2,0.125,21.5,0.0
432,0,4.234999999999999,89.5,716.5
432,1,0.045,8.0,0.0
432,2,0.135,26.0,0.0
433,0,4.215,118.5,0.0
433,1,0.05,9.5,0.0
433,2,0.095,17.5,0.0
434,0,4.21,89.0,0.0
434,1,0.05,9.5,0.0
434,2,0.14,26.0,0.0
435,0,4.23,102.5,2067.5
435,1,0.060000000000000005,11.0,0.0
435,2,0.11000000000000001,21.5,0.0
436,0,4.234999999999999,89.5,0.0
436,1,0.07,14.0,0.0
436,2,0.1,19.5,0.0
437,0,4.19,118.0,0.0
437,1,0.07,13.5,0.0
437,2,0.125,32.0,0.0
438,0,4.25,96.0,0.0
438,1,0.05500000000000001,11.0,0.0
438,2,0.11,20.0,0.0
439,0,4.234999999999999,89.5,0.0
439,1,0.07,13.0,0.0
439,2,0.09,17.5,0.0
440,0,4.21,89.0,0.0
440,1,0.05,9.5,0.0
440,2,0.11,21.0,0.0
441,0,4.234999999999999,89.5,716.5
441,1,0.045,8.0,0.0
441,2,0.105,20.5,158.0
442,0,4.225,102.5,716.5
442,1,0.04,7.0,0.0
442,2,0.12,22.5,0.0
443,0,4.21,89.0,0.0
443,1,0.07500000000000001,14.5,0.0
443,2,0.13,24.5,0.0
444,0,4.21,89.0,0.0
444,1,0.05500000000000001,11.0,0.0
444,2,0.1,18.5,0.0
445,0,4.225,104.5,0.0
445,1,0.055,11.0,79.0
445,2,0.1,19.0,0.0
446,0,4.234999999999999,89.5,0.0
446,1,0.055,11.0,0.0
446,2,0.10500000000000001,19.5,0.0
447,0,4.21,89.0,0.0
447,1,0.04,7.0,0.0
447,2,0.14500000000000002,27.5,0.0
448,0,4.234999999999999,89.5,716.5
448,1,0.055,11.0,0.0
448,2,0.10500000000000001,19.0,0.0
449,0,4.325,106.0,0.0
449,1,0.055,10.0,0.0
449,2,0.12,23.0,0.0
450,0,4.234999999999999,89.5,0.0
450,1,0.05,10.0,0.0
450,2,0.095,17.5,0.0
451,0,4.21,89.0,0.0
451,1,0.04,8.5,0.0
451,2,0.12,22.0,79.0
452,0,4.234999999999999,89.5,716.5
452,1,0.06,11.5,0.0
452,2,0.14500000000000002,28.0,0.0
453,0,4.23,102.5,716.5
453,1,0.055,10.5,79.0
453,2,0.135,24.5,0.0
454,0,4.23,103.5,0.0
454,1,0.065,12.5,0.0
454,2,0.13,23.5,0.0
455,0,4.21,89.0,0.0
455,1,0.045,8.0,0.0
455,2,0.095,17.5,0.0
456,0,4.225,104.5,0.0
456,1,0.06,11.0,0.0
456,2,0.095,16.5,0.0
457,0,4.234999999999999,89.5,0.0
457,1,0.045,8.5,0.0
457,2,0.115,22.0,0.0
458,0,4.234999999999999,89.5,0.0
458,1,0.065,12.5,0.0
458,2,0.095,17.5,0.0
459,0,4.234999999999999,89.5,0.0
459,1,0.05,9.5,0.0
459,2,0.14,24.5,0.0
460,0,4.215,115.5,0.0
460,1,0.05,9.0,0.0
460,2,0.125,22.5,0.0
461,0,4.23,103.5,0.0
461,1,0.035,7.0,0.0
461,2,0.11499999999999999,21.5,79.0
462,0,4.234999999999999,89.5,0.0
462,1,0.04,7.0,0.0
462,2,0.115,20.5,0.0
463,0,4.234999999999999,89.5,716.5
463,1,0.07,13.0,0.0
463,2,0.11,21.0,0.0
464,0,4.234999999999999,89.5,716.5
464,1,0.07,13.0,0.0
464,2,0.125,23.0,79.0
465,0,4.21,89.0,0.0
465,1,0.095,18.5,0.0
465,2,0.12,23.5,0.0
466,0,4.234999999999999,89.5,0.0
466,1,0.045,8.5,0.0
466,2,0.14,26.0,0.0
467,0,4.234999999999999,89.5,0.0
467,1,0.07,13.5,0.0
467,2,0.15000000000000002,25.5,0.0
468,0,4.234999999999999,89.5,0.0
468,1,0.03,6.0,0.0
468,2,0.09,15.5,0.0
469,0,4.21,89.0,0.0
469,1,0.060000000000000005,11.5,0.0
469,2,0.135,24.5,0.0
470,0,4.225,104.5,6781.0
470,1,0.05,9.5,0.0
470,2,0.13,24.5,0.0
471,0,4.234999999999999,89.5,0.0
471,1,0.055,10.5,0.0
471,2,0.1,18.5,0.0
472,0,4.234999999999999,94.0,0.0
472,1,0.04,8.0,0.0
472,2,0.08499999999999999,15.5,0.0
473,0,4.21,89.0,0.0
473,1,0.055,10.5,0.0
473,2,0.11,20.0,0.0
474,0,4.234999999999999,89.5,716.5
474,1,0.07,13.5,79.0
474,2,0.13,24.5,0.0
475,0,4.234999999999999,89.5,716.5
475,1,0.055,10.5,0.0
475,2,0.135,26.5,0.0
476,0,4.21,89.0,0.0
476,1,0.03,5.5,0.0
476,2,0.07500000000000001,14.0,0.0
477,0,4.205,101.5,0.0
477,1,0.05500000000000001,10.0,0.0
477,2,0.125,21.5,0.0
478,0,4.225,104.5,0.0
478,1,0.05,9.0,0.0
478,2,0.1,18.5,0.0
479,0,4.23,101.5,716.5
479,1,0.05500000000000001,10.5,0.0
479,2,0.12,21.5,0.0
480,0,4.21,89.0,0.0
480,1,0.06,11.0,0.0
480,2,0.1,19.5,0.0
481,0,4.215,96.0,0.0
481,1,0.065,12.5,0.0
481,2,0.095,17.0,0.0
482,0,4.234999999999999,89.5,0.0
482,1,0.07,13.5,0.0
482,2,0.125,23.5,0.0
483,0,4.21,89.0,0.0
483,1,0.045,8.5,0.0
483,2,0.13,25.0,0.0
484,0,4.075,101.5,716.5
484,1,0.05500000000000001,10.0,0.0
484,2,0.13,24.5,0.0
485,0,4.19,105.5,8575.0
485,1,0.05500000000000001,11.0,0.0
485,2,0.125,23.0,0.0
486,0,4.21,89.0,0.0
486,1,0.060000000000000005,11.0,0.0
486,2,0.125,24.0,0.0
487,0,4.205,102.5,0.0
487,1,0.045,8.5,0.0
487,2,0.11,21.5,0.0
488,0,4.234999999999999,89.5,0.0
488,1,0.04,7.5,0.0
488,2,0.125,24.0,0.0
489,0,4.24,96.5,0.0
489,1,0.05,9.5,0.0
489,2,0.13,23.5,0.0
490,0,4.205,103.0,0.0
490,1,0.05500000000000001,10.5,0.0
490,2,0.11,20.5,0.0
491,0,4.21,89.0,0.0
491,1,0.09,18.0,0.0
491,2,0.11499999999999999,23.0,0.0
492,0,4.234999999999999,89.5,0.0
492,1,0.045,9.0,0.0
492,2,0.14,26.0,0.0
493,0,4.234999999999999,89.5,0.0
493,1,0.05,10.0,0.0
493,2,0.09,17.5,0.0
494,0,4.205,102.0,0.0
494,1,0.055,10.5,0.0
494,2,0.125,23.0,0.0
495,0,4.21,89.0,716.5
495,1,0.065,12.0,0.0
495,2,0.12,23.0,0.0
496,0,4.23,101.0,716.5
496,1,0.060000000000000005,12.5,0.0
496,2,0.11,21.0,0.0
497,0,4.21,89.0,0.0
497,1,0.035,6.0,79.0
497,2,0.10500000000000001,19.5,0.0
498,0,4.21,89.0,0.0
498,1,0.045,9.0,0.0
498,2,0.115,21.5,0.0
499,0,4.205,102.0,0.0
499,1,0.04,7.0,0.0
499,2,0.11,21.0,0.0
500,0,4.234999999999999,89.5,0.0
500,1,0.055,10.5,0.0
500,2,0.135,25.5,0.0
501,0,4.21,89.0,0.0
501,1,0.075,15.0,0.0
501,2,0.115,22.5,79.0
502,0,4.17,90.5,2859.5
502,1,0.065,12.5,0.0
502,2,0.125,22.5,79.0
503,0,4.1899999999999995,116.0,0.0
503,1,0.060000000000000005,12.0,0.0
503,2,0.125,22.5,0.0
504,0,4.234999999999999,89.5,0.0
504,1,0.05,9.0,0.0
504,2,0.13,24.0,0.0
505,0,4.21,89.0,0.0
505,1,0.05,9.0,79.0
505,2,0.13,25.5,0.0
506,0,4.225,111.0,716.5
506,1,0.06,11.5,0.0
506,2,0.12,21.0,0.0
507,0,4.21,89.0,0.0
507,1,0.065,13.0,0.0
507,2,0.115,21.5,0.0
508,0,4.234999999999999,89.5,0.0
508,1,0.07,13.5,0.0
508,2,0.09,16.0,0.0
509,0,4.295,95.0,0.0
509,1,0.05,9.0,0.0
509,2,0.095,17.5,0.0
510,0,4.115,102.0,716.5
510,1,0.09,17.5,0.0
510,2,0.12,23.5,0.0
511,0,4.21,89.0,0.0
511,1,0.035,6.5,0.0
511,2,0.125,23.0,0.0
512,0,4.2,103.5,0.0
512,1,0.055,10.5,0.0
512,2,0.115,42.0,0.0
513,0,4.234999999999999,89.5,0.0
513,1,0.03,5.5,0.0
513,2,0.08,15.5,0.0
514,0,4.234999999999999,89.5,0.0
514,1,0.065,13.0,0.0
514,2,0.125,23.5,0.0
515,0,4.21,89.0,0.0
515,1,0.060000000000000005,11.5,0.0
515,2,0.14500000000000002,26.5,0.0
516,0,4.225,104.0,0.0
516,1,0.05,10.0,0.0
516,2,0.125,23.5,0.0
517,0,4.21,89.0,0.0
517,1,0.06,11.5,0.0
517,2,0.10500000000000001,20.0,0.0
518,0,4.21,89.0,0.0
518,1,0.07500000000000001,14.5,0.0
518,2,0.12,22.0,0.0
519,0,4.225,103.0,0.0
519,1,0.05500000000000001,11.0,0.0
519,2,0.13,23.5,0.0
520,0,4.23,102.5,0.0
520,1,0.04,7.5,0.0
520,2,0.14,25.5,0.0
521,0,4.21,89.0,0.0
521,1,0.065,19.5,0.0
521,2,0.13,24.0,0.0
522,0,4.225,104.5,0.0
522,1,0.04,8.0,0.0
522,2,0.11,20.0,0.0
523,0,4.234999999999999,89.5,0.0
523,1,0.095,18.0,0.0
523,2,0.095,31.0,0.0
524,0,4.32,92.5,0.0
524,1,0.055,11.0,0.0
524,2,0.1,17.5,0.0
525,0,4.21,89.0,0.0
525,1,0.04,7.5,0.0
525,2,0.11000000000000001,21.0,0.0
526,0,4.225,105.0,716.5
526,1,0.08499999999999999,16.5,0.0
526,2,0.10500000000000001,20.0,0.0
527,0,4.234999999999999,89.5,0.0
527,1,0.055,10.5,0.0
527,2,0.135,26.5,0.0
528,0,4.234999999999999,89.5,0.0
528,1,0.075,14.5,0.0
528,2,0.13,25.0,0.0
529,0,4.21,89.0,0.0
529,1,0.055,11.0,0.0
529,2,0.12000000000000001,21.5,0.0
530,0,4.205,121.5,534.5
530,1,0.05500000000000001,10.5,0.0
530,2,0.08,15.5,0.0
531,0,4.225,90.0,0.0
531,1,0.05,10.0,0.0
531,2,0.135,25.0,0.0
532,0,4.234999999999999,89.5,0.0
532,1,0.05500000000000001,11.0,0.0
532,2,0.095,17.0,0.0
533,0,4.225,104.5,0.0
533,1,0.060000000000000005,12.0,0.0
533,2,0.135,26.0,0.0
534,0,4.220000000000001,127.0,1615.5
534,1,0.04,7.5,0.0
534,2,0.14,25.0,0.0
535,0,4.2,114.0,0.0
535,1,0.07500000000000001,14.5,0.0
535,2,0.11,21.0,0.0
536,0,4.234999999999999,89.5,0.0
536,1,0.06,11.5,0.0
536,2,0.08499999999999999,16.5,0.0
537,0,4.234999999999999,89.5,0.0
537,1,0.07,13.5,0.0
537,2,0.09,16.5,0.0
538,0,4.234999999999999,89.5,0.0
538,1,0.07,13.0,0.0
538,2,0.1,19.0,0.0
539,0,4.21,89.0,0.0
539,1,0.045,8.5,0.0
539,2,0.115,22.0,0.0
540,0,4.23,102.0,0.0
540,1,0.045,8.5,0.0
540,2,0.12,23.0,0.0
541,0,4.23,98.5,716.5
541,1,0.05,10.0,0.0
541,2,0.125,24.5,0.0
542,0,4.21,89.0,0.0
542,1,0.075,15.0,0.0
542,2,0.115,22.0,0.0
543,0,4.205,103.0,0.0
543,1,0.035,7.0,0.0
543,2,0.13,23.0,0.0
544,0,2.18,46.0,0.0
544,1,0.03,6.0,0.0
544,2,0.06,12.0,0.0
