timestep,kpi,q0,q1,q2,q3,q4
2,tx_brate,0.0,0.0,0.0,0.05,4.125
2,tx_pckts,1.0,2.0,5.0,16.5,231.5
2,dl_buffer,0.0,0.0,0.0,181.0,779.0
3,tx_brate,0.0,0.02152777777777778,0.12916666666666668,0.7750000000000001,4.25
3,tx_pckts,1.0,6.805555555555555,26.90277777777778,58.5,234.0
3,dl_buffer,0.0,0.0,0.0,181.0,1261.0
4,tx_brate,0.0,0.02152777777777778,0.12916666666666668,0.7750000000000001,4.25
4,tx_pckts,1.0,6.805555555555555,26.90277777777778,58.5,234.0
4,dl_buffer,0.0,0.0,0.0,181.0,1261.0
5,tx_brate,0.0,0.04036458333333334,0.11140625000000001,1.3708333333333336,4.25
5,tx_pckts,1.0,10.769097222222221,15.050405092592593,88.33680555555556,234.0
5,dl_buffer,0.0,0.0,30.166666666666668,353.70833333333337,1261.0
6,tx_brate,0.0,0.05419618055555557,0.11140625000000001,1.3708333333333336,4.25
6,tx_pckts,1.0,10.769097222222221,15.050405092592593,88.33680555555556,234.5
6,dl_buffer,0.0,0.0,30.166666666666668,353.70833333333337,1261.0
7,tx_brate,0.0,0.0653015083874459,0.10372212639790766,1.3708333333333336,4.25
7,tx_pckts,1.0,12.938905423280422,14.691390749007935,88.33680555555556,234.5
7,dl_buffer,0.0,0.0,4.116319444444443,353.70833333333337,1261.0
8,tx_brate,0.0,0.0653015083874459,0.10372212639790766,1.3708333333333336,4.615
8,tx_pckts,1.0,12.938905423280422,21.545745306487493,88.33680555555556,234.5
8,dl_buffer,0.0,0.0,4.116319444444443,353.70833333333337,1261.0
9,tx_brate,0.0,0.07473079260543751,0.0951836992137225,1.717487894132813,4.615
9,tx_pckts,1.0,14.747570242980398,20.574577440272193,105.45613975506554,234.5
9,dl_buffer,0.0,0.0,4.116319444444443,353.70833333333337,81161.0
10,tx_brate,0.0,0.06835570918357392,0.0951836992137225,1.717487894132813,6.9
10,tx_pckts,1.0,13.402763169686473,20.574577440272193,105.45613975506554,234.5
10,dl_buffer,0.0,0.0,4.116319444444443,353.70833333333337,81161.0
11,tx_brate,0.0,0.06835570918357392,0.08950164334401867,1.717487894132813,6.9
11,tx_pckts,1.0,13.402763169686473,20.34747733022982,105.45613975506554,234.5
11,dl_buffer,0.0,0.0,4.116319444444443,353.70833333333337,81161.0
12,tx_brate,0.0,0.06835570918357392,0.08950164334401867,1.717487894132813,6.9
12,tx_pckts,1.0,13.402763169686473,20.34747733022982,105.45613975506554,234.5
12,dl_buffer,0.0,0.0,4.116319444444443,353.70833333333337,147919.0
13,tx_brate,0.0,0.06835570918357392,0.08103868498490908,2.072299654126394,6.9
13,tx_pckts,1.0,13.402763169686473,20.137980386703514,116.8891926373006,234.5
13,dl_buffer,0.0,0.0,4.116319444444443,6298.271041666667,147919.0
14,tx_brate,0.0,0.06454402172667063,0.08103868498490908,2.072299654126394,6.9
14,tx_pckts,1.0,13.402763169686473,20.137980386703514,116.8891926373006,234.5
14,dl_buffer,0.0,0.0,4.116319444444443,5399.106081349207,147919.0
15,tx_brate,0.0,0.06454402172667063,0.07719249838428383,2.072299654126394,6.9
15,tx_pckts,1.0,13.402763169686473,25.065905599447042,116.8891926373006,234.5
15,dl_buffer,0.0,0.0,4.116319444444443,4628.393258219955,147919.0
16,tx_brate,0.0,0.06454402172667063,0.07719249838428383,2.072299654126394,6.9
16,tx_pckts,1.0,13.402763169686473,25.065905599447042,116.8891926373006,234.5
16,dl_buffer,0.0,0.0,4.116319444444443,4628.393258219955,147919.0
17,tx_brate,0.0,0.06454402172667063,0.07328001323913898,2.344699229050644,6.9
17,tx_pckts,1.0,13.402763169686473,20.57855728612964,125.58647100262154,234.5
17,dl_buffer,0.0,0.0,4.116319444444443,4114.584709467121,147919.0
18,tx_brate,0.0,0.06454402172667063,0.1547661277359027,2.344699229050644,6.9
18,tx_pckts,1.0,13.402763169686473,20.57855728612964,125.58647100262154,234.5
18,dl_buffer,0.0,0.0,4.116319444444443,3703.5378704648533,147919.0
19,tx_brate,0.0,0.06454402172667063,0.0675305279978485,2.344699229050644,6.9
19,tx_pckts,1.0,13.402763169686473,20.47685782558451,125.58647100262154,234.5
19,dl_buffer,0.0,0.0,4.116319444444443,3367.2268203720887,147919.0
20,tx_brate,0.0,0.06454402172667063,0.0675305279978485,2.344699229050644,6.9
20,tx_pckts,1.0,13.402763169686473,24.34526154396158,125.58647100262154,234.5
20,dl_buffer,0.0,0.0,4.116319444444443,3367.2268203720887,147919.0
21,tx_brate,0.0,0.06454402172667063,0.06547825552939525,2.565571758836416,6.9
21,tx_pckts,1.0,14.187672071371372,20.525322699023366,132.60577626445604,234.5
21,dl_buffer,0.0,0.0,4.116319444444443,3086.9676119614514,147919.0
22,tx_brate,0.0,0.06261452701971695,0.06547825552939525,2.565571758836416,6.9
22,tx_pckts,1.0,13.588544342468127,20.525322699023366,132.60577626445604,234.5
22,dl_buffer,0.0,0.0,4.116319444444443,2830.0633375850343,147919.0
23,tx_brate,0.0,0.06663929560624446,0.13717621388532103,2.565571758836416,6.9
23,tx_pckts,1.0,13.588544342468127,20.44922587983044,132.60577626445604,234.5
23,dl_buffer,0.0,0.0,4.116319444444443,2830.0633375850343,147919.0
24,tx_brate,0.0,0.06663929560624446,0.13717621388532103,2.565571758836416,6.9
24,tx_pckts,1.0,13.588544342468127,20.44922587983044,132.60577626445604,234.5
24,dl_buffer,0.0,0.0,4.116319444444443,2830.0633375850343,147919.0
25,tx_brate,0.0,0.06663929560624446,0.06963749866288396,2.565571758836416,6.9
25,tx_pckts,1.0,13.588544342468127,20.474113721757956,138.4859107943944,234.5
25,dl_buffer,0.0,0.0,4.116319444444443,6799.825621419621,184072.0
26,tx_brate,0.0,0.06663929560624446,0.13211913858546226,2.565571758836416,6.9
26,tx_pckts,1.0,13.588544342468127,20.474113721757956,138.4859107943944,234.5
26,dl_buffer,0.0,0.0,4.116319444444443,6799.825621419621,184072.0
27,tx_brate,0.0,0.06663929560624446,0.12900105082454713,2.565571758836416,6.9
27,tx_pckts,1.0,13.588544342468127,17.204597986504982,138.4859107943944,234.5
27,dl_buffer,0.0,0.0,4.116319444444443,2830.1394432865386,184072.0
28,tx_brate,0.0,0.06663929560624446,0.12900105082454713,2.565571758836416,6.9
28,tx_pckts,1.0,13.588544342468127,17.204597986504982,138.4859107943944,234.5
28,dl_buffer,0.0,0.0,4.116319444444443,2830.1394432865386,184072.0
29,tx_brate,0.0,0.06972259061499836,0.12900105082454713,2.724995759290431,6.9
29,tx_pckts,1.0,13.983778439699956,20.241235361009725,143.62416607126553,234.5
29,dl_buffer,0.0,0.0,4.116319444444443,6255.877835348167,184072.0
30,tx_brate,0.0,0.0667954902136168,0.12900105082454713,2.5691562288410483,6.9
30,tx_pckts,1.0,13.552535317108006,20.241235361009725,143.62416607126553,234.5
30,dl_buffer,0.0,0.0,4.116319444444443,6255.877835348167,184072.0
31,tx_brate,0.0,0.0667954902136168,0.07224702941750498,2.5691562288410483,6.9
31,tx_pckts,1.0,13.552535317108006,20.193685005945746,143.62416607126553,234.5
31,dl_buffer,0.0,0.0,4.116319444444443,6255.877835348167,184072.0
32,tx_brate,0.0,0.0667954902136168,0.07224702941750498,2.5691562288410483,6.9
32,tx_pckts,1.0,13.552535317108006,20.193685005945746,143.62416607126553,234.5
32,dl_buffer,0.0,0.0,4.116319444444443,6255.877835348167,184072.0
33,tx_brate,0.0,0.0667954902136168,0.07156832235917399,2.7088963103855406,6.9
33,tx_pckts,1.0,13.552535317108006,17.40073581653185,148.12495407734718,234.5
33,dl_buffer,0.0,0.0,4.116319444444443,9266.313188030887,184072.0
34,tx_brate,0.0,0.06541152755263019,0.07156832235917399,2.570863804261655,6.9
34,tx_pckts,1.0,13.552535317108006,17.40073581653185,148.12495407734718,234.5
34,dl_buffer,0.0,0.0,4.116319444444443,9266.313188030887,184072.0
35,tx_brate,0.0,0.0677130172117481,0.07071031343350828,2.570863804261655,6.9
35,tx_pckts,1.0,13.921974284623715,17.364413967084033,148.12495407734718,234.5
35,dl_buffer,0.0,0.0,4.116319444444443,9266.313188030887,184072.0
36,tx_brate,0.0,0.0677130172117481,0.07071031343350828,2.570863804261655,6.9
36,tx_pckts,1.0,13.921974284623715,17.364413967084033,148.12495407734718,234.5
36,dl_buffer,0.0,0.0,4.116319444444443,9266.313188030887,184072.0
37,tx_brate,0.0,0.0677130172117481,0.07016451155986547,2.6953414275780427,6.9
37,tx_pckts,1.0,13.921974284623715,19.896545661286364,152.13329654275836,234.5
37,dl_buffer,0.0,0.0,4.116319444444443,11977.032217240407,184072.0
38,tx_brate,0.0,0.06650015335426879,0.07016451155986547,2.6953414275780427,6.9
38,tx_pckts,1.0,13.588541413865059,19.896545661286364,152.13329654275836,234.5
38,dl_buffer,0.0,0.0,4.116319444444443,11977.032217240407,184072.0
39,tx_brate,0.0,0.06650015335426879,0.06940020685181589,2.6953414275780427,6.9
39,tx_pckts,1.0,13.588541413865059,19.863545027833954,152.13329654275836,234.5
39,dl_buffer,0.0,0.0,4.116319444444443,9286.251167786699,184072.0
40,tx_brate,0.0,0.06650015335426879,0.06940020685181589,2.6953414275780427,6.9
40,tx_pckts,1.0,13.588541413865059,19.863545027833954,152.13329654275836,234.5
40,dl_buffer,0.0,0.0,4.116319444444443,9286.251167786699,184072.0
41,tx_brate,0.0,0.06650015335426879,0.06832018968519313,2.807665132170917,6.9
41,tx_pckts,1.0,13.588541413865059,19.852189123468822,155.70181823095373,234.5
41,dl_buffer,0.0,0.0,4.116319444444443,6720.757239373408,184072.0
42,tx_brate,0.0,0.06762015646386212,0.11113412163188807,2.807665132170917,6.9
42,tx_pckts,1.0,13.588541413865059,19.852189123468822,155.70181823095373,234.5
42,dl_buffer,0.0,0.0,4.116319444444443,4208.027764894818,184072.0
43,tx_brate,0.0,0.06762015646386212,0.11113412163188807,2.807665132170917,6.9
43,tx_pckts,1.0,13.588541413865059,19.824133669001572,155.70181823095373,234.5
43,dl_buffer,0.0,0.0,4.116319444444443,1853.2732897491555,184072.0
44,tx_brate,0.0,0.06762015646386212,0.11113412163188807,2.807665132170917,6.9
44,tx_pckts,1.0,13.588541413865059,19.824133669001572,155.70181823095373,234.5
44,dl_buffer,0.0,0.0,4.116319444444443,1853.2732897491555,184072.0
45,tx_brate,0.0,0.06762015646386212,0.11113412163188807,2.9099798243257227,6.9
45,tx_pckts,1.0,13.588541413865059,22.01049177387986,158.94954199756677,234.5
45,dl_buffer,0.0,0.0,4.116319444444443,1769.2207001898505,184072.0
46,tx_brate,0.0,0.06762015646386212,0.11113412163188807,2.9099798243257227,6.9
46,tx_pckts,1.0,13.588541413865059,22.01049177387986,158.94954199756677,234.5
46,dl_buffer,0.0,0.0,4.116319444444443,1769.2207001898505,184072.0
47,tx_brate,0.0,0.0697571509423081,0.11062721914735363,2.9099798243257227,6.9
47,tx_pckts,1.0,13.916549303444569,21.992668656746616,158.94954199756677,234.5
47,dl_buffer,0.0,0.0,4.116319444444443,1688.9886828832412,184072.0
48,tx_brate,0.0,0.0697571509423081,0.11062721914735363,2.9099798243257227,6.9
48,tx_pckts,1.0,13.916549303444569,21.992668656746616,158.94954199756677,234.5
48,dl_buffer,0.0,0.0,4.116319444444443,1688.9886828832412,184072.0
49,tx_brate,0.0,0.0697571509423081,0.11013300661437388,2.9099798243257227,6.9
49,tx_pckts,1.0,13.916549303444569,22.008245906135794,161.89783920607564,234.5
49,dl_buffer,0.0,0.0,4.116319444444443,3608.5111880225572,184072.0
50,tx_brate,0.0,0.06827851791984406,0.11013300661437388,2.9099798243257227,6.9
50,tx_pckts,1.0,13.634210032309236,22.008245906135794,161.89783920607564,234.5
50,dl_buffer,0.0,0.0,4.116319444444443,3608.5111880225572,184072.0
51,tx_brate,0.0,0.06827851791984406,0.10968886806338406,2.820159466656629,6.9
51,tx_pckts,1.0,13.634210032309236,21.988704908684394,161.89783920607564,234.5
51,dl_buffer,0.0,0.0,4.116319444444443,3608.5111880225572,184072.0
52,tx_brate,0.0,0.06827851791984406,0.10968886806338406,2.820159466656629,6.9
52,tx_pckts,1.0,13.634210032309236,21.988704908684394,161.89783920607564,234.5
52,dl_buffer,0.0,0.0,4.116319444444443,3608.5111880225572,184072.0
53,tx_brate,0.0,0.06827851791984406,0.1092806875140448,2.820159466656629,6.9
53,tx_pckts,1.0,13.634210032309236,20.077159771399607,164.64627587780748,234.5
53,dl_buffer,0.0,0.0,4.116319444444443,5424.223779796081,184072.0
54,tx_brate,0.0,0.06827851791984406,0.1092806875140448,2.820159466656629,6.9
54,tx_pckts,1.0,13.634210032309236,21.92279969242919,164.64627587780748,234.5
54,dl_buffer,0.0,0.0,4.116319444444443,5424.223779796081,184072.0
55,tx_brate,0.0,0.06827851791984406,0.10890064310459736,2.820159466656629,6.9
55,tx_pckts,1.0,13.634210032309236,21.90553877565641,164.64627587780748,234.5
55,dl_buffer,0.0,0.0,4.116319444444443,3602.9820726557946,184072.0
56,tx_brate,0.0,0.06827851791984406,0.10890064310459736,2.820159466656629,6.9
56,tx_pckts,1.0,13.634210032309236,21.90553877565641,164.64627587780748,234.5
56,dl_buffer,0.0,0.0,4.116319444444443,3602.9820726557946,184072.0
57,tx_brate,0.0,0.06827851791984406,0.10873841460721305,2.900259273241206,6.9
57,tx_pckts,1.0,13.634210032309236,20.098891020974786,167.19926918024717,234.5
57,dl_buffer,0.0,0.0,4.116319444444443,3602.9820726557946,184072.0
58,tx_brate,0.0,0.06702096023400053,0.10873841460721305,2.900259273241206,6.9
58,tx_pckts,1.0,13.413678975799963,20.098891020974786,167.19926918024717,234.5
58,dl_buffer,0.0,0.0,4.116319444444443,1866.658832818915,184072.0
59,tx_brate,0.0,0.06702096023400053,0.10839813004159374,2.900259273241206,6.9
59,tx_pckts,1.0,13.413678975799963,20.08270535023039,167.19926918024717,234.5
59,dl_buffer,0.0,0.0,4.116319444444443,1866.658832818915,184072.0
60,tx_brate,0.0,0.06702096023400053,0.10839813004159374,2.900259273241206,6.9
60,tx_pckts,1.0,13.413678975799963,20.08270535023039,167.19926918024717,234.5
60,dl_buffer,0.0,0.0,4.116319444444443,1866.658832818915,184072.0
61,tx_brate,0.0,0.06702096023400053,0.10795490923319861,2.975098659160312,6.9
61,tx_pckts,1.0,13.413678975799963,20.07938948261216,169.58294245227728,234.5
61,dl_buffer,0.0,0.0,4.116319444444443,1866.658832818915,184072.0
62,tx_brate,0.0,0.06702096023400053,0.10795490923319861,2.975098659160312,6.9
62,tx_pckts,1.0,13.413678975799963,20.07938948261216,169.58294245227728,234.5
62,dl_buffer,0.0,0.0,4.116319444444443,294.67788604003727,184072.0
63,tx_brate,0.0,0.06702096023400053,0.10764772261066094,2.975098659160312,6.9
63,tx_pckts,1.0,13.413678975799963,20.064916296237953,169.58294245227728,234.5
63,dl_buffer,0.0,0.0,4.116319444444443,294.67788604003727,184072.0
64,tx_brate,0.0,0.06702096023400053,0.10764772261066094,2.975098659160312,6.9
64,tx_pckts,1.0,13.413678975799963,20.064916296237953,169.58294245227728,234.5
64,dl_buffer,0.0,0.0,4.116319444444443,294.67788604003727,184072.0
65,tx_brate,0.0,0.06702096023400053,0.10764772261066094,3.0456534700396865,6.9
65,tx_pckts,1.0,13.413678975799963,20.064916296237953,171.8359787063782,234.5
65,dl_buffer,0.0,0.0,4.116319444444443,1713.6944545263527,184072.0
66,tx_brate,0.0,0.06592755519023698,0.10764772261066094,3.0456534700396865,6.9
66,tx_pckts,1.0,13.220258463954067,20.064916296237953,171.8359787063782,234.5
66,dl_buffer,0.0,0.0,4.116319444444443,265.39803716279584,184072.0
67,tx_brate,0.0,0.06592755519023698,0.10764772261066094,2.9775194254914674,6.9
67,tx_pckts,1.0,13.220258463954067,20.064916296237953,171.8359787063782,234.5
67,dl_buffer,0.0,0.0,4.116319444444443,265.39803716279584,184072.0
68,tx_brate,0.0,0.06592755519023698,0.10764772261066094,2.9775194254914674,6.9
68,tx_pckts,1.0,13.220258463954067,20.064916296237953,171.8359787063782,234.5
68,dl_buffer,0.0,0.0,4.116319444444443,265.39803716279584,184072.0
69,tx_brate,0.0,0.06592755519023698,0.10764772261066094,2.9775194254914674,6.9
69,tx_pckts,1.0,13.220258463954067,20.064916296237953,173.95622799676443,234.5
69,dl_buffer,0.0,0.0,4.116319444444443,1607.1198862937188,184072.0
70,tx_brate,0.0,0.06489657587318472,0.10764772261066094,2.9775194254914674,6.91
70,tx_pckts,1.0,13.03786851819515,20.064916296237953,173.95622799676443,234.5
70,dl_buffer,0.0,0.0,4.116319444444443,1607.1198862937188,184072.0
71,tx_brate,0.0,0.0659114278134234,0.07966635521660469,2.9775194254914674,6.91
71,tx_pckts,1.0,13.03786851819515,18.520126888067253,173.95622799676443,234.5
71,dl_buffer,0.0,0.0,4.116319444444443,280.54709194395036,184072.0
72,tx_brate,0.0,0.0659114278134234,0.07966635521660469,2.9775194254914674,6.91
72,tx_pckts,1.0,13.03786851819515,18.520126888067253,173.95622799676443,234.5
72,dl_buffer,0.0,0.0,4.116319444444443,280.54709194395036,184072.0
73,tx_brate,0.0,0.0659114278134234,0.10687764491453033,3.040350775127948,6.91
73,tx_pckts,1.0,13.03786851819515,20.024036789736126,175.95881640715174,234.5
73,dl_buffer,0.0,0.0,4.116319444444443,1529.555621433926,184072.0
74,tx_brate,0.0,0.06494361609722188,0.10687764491453033,3.040350775127948,6.91
74,tx_pckts,1.0,12.865700806027684,20.024036789736126,175.95881640715174,234.5
74,dl_buffer,0.0,0.0,4.116319444444443,1529.555621433926,184072.0
75,tx_brate,0.0,0.06494361609722188,0.10687764491453033,2.979439925370461,6.91
75,tx_pckts,1.0,12.865700806027684,20.024036789736126,175.95881640715174,234.5
75,dl_buffer,0.0,0.0,4.116319444444443,1529.555621433926,184072.0
76,tx_brate,0.0,0.06494361609722188,0.10687764491453033,2.979439925370461,6.91
76,tx_pckts,1.0,12.865700806027684,20.024036789736126,175.95881640715174,234.5
76,dl_buffer,0.0,0.0,4.116319444444443,1529.555621433926,184072.0
77,tx_brate,0.0,0.06494361609722188,0.10646971079228364,2.979439925370461,6.91
77,tx_pckts,1.0,12.865700806027684,21.467338697710677,177.84286997678646,234.5
77,dl_buffer,0.0,0.0,4.116319444444443,2713.750566334207,184072.0
78,tx_brate,0.0,0.06494361609722188,0.10646971079228364,2.979439925370461,6.91
78,tx_pckts,1.0,12.689691055573793,21.467338697710677,177.84286997678646,234.5
78,dl_buffer,0.0,0.0,4.116319444444443,2713.750566334207,184072.0
79,tx_brate,0.0,0.0658495256458062,0.10646971079228364,2.979439925370461,6.91
79,tx_pckts,1.0,12.863611318013213,21.467338697710677,177.84286997678646,234.5
79,dl_buffer,0.0,0.0,4.116319444444443,1541.0483645448642,184072.0
80,tx_brate,0.0,0.0658495256458062,0.10646971079228364,2.979439925370461,6.91
80,tx_pckts,1.0,12.863611318013213,21.467338697710677,177.84286997678646,234.5
80,dl_buffer,0.0,0.0,4.116319444444443,1541.0483645448642,184072.0
81,tx_brate,0.0,0.0658495256458062,0.10628362633266757,2.979439925370461,6.91
81,tx_pckts,1.0,12.863611318013213,20.08908350985404,179.6324890486666,234.5
81,dl_buffer,0.0,0.0,4.116319444444443,2653.101397596244,184072.0
82,tx_brate,0.0,0.0649815302450893,0.10628362633266757,2.979439925370461,6.91
82,tx_pckts,1.0,12.707724764925185,20.08908350985404,179.6324890486666,234.5
82,dl_buffer,0.0,0.0,4.116319444444443,2653.101397596244,184072.0
83,tx_brate,0.0,0.0649815302450893,0.10610932871301548,2.9244180087561276,6.91
83,tx_pckts,1.0,12.707724764925185,20.080233508722156,179.6324890486666,234.5
83,dl_buffer,0.0,0.0,4.116319444444443,2653.101397596244,184072.0
84,tx_brate,0.0,0.0649815302450893,0.10610932871301548,2.9244180087561276,6.91
84,tx_pckts,1.0,12.707724764925185,20.080233508722156,179.6324890486666,234.5
84,dl_buffer,0.0,0.0,4.116319444444443,2653.101397596244,184072.0
85,tx_brate,0.0,0.0658268857693707,0.10610932871301548,2.870258181941324,6.91
85,tx_pckts,1.0,12.707724764925185,20.080233508722156,181.34785321619924,234.5
85,dl_buffer,0.0,0.0,4.116319444444443,3715.56949657944,184072.0
86,tx_brate,0.0,0.06500082318148213,0.10610932871301548,2.8169340554544866,6.91
86,tx_pckts,1.0,12.55915336949941,20.080233508722156,181.34785321619924,234.5
86,dl_buffer,0.0,0.0,4.116319444444443,3715.56949657944,184072.0
87,tx_brate,0.0,0.06500082318148213,0.12696703987264324,2.764578439765893,6.91
87,tx_pckts,1.0,12.55915336949941,21.3886730424175,181.34785321619924,234.5
87,dl_buffer,0.0,0.0,4.116319444444443,3715.56949657944,184302.0
88,tx_brate,0.0,0.06500082318148213,0.12696703987264324,2.764578439765893,6.96
88,tx_pckts,1.0,12.55915336949941,21.3886730424175,181.34785321619924,234.5
88,dl_buffer,0.0,0.0,4.116319444444443,3715.56949657944,184302.0
89,tx_brate,0.0,0.06500082318148213,0.12696703987264324,2.81617687434776,6.96
89,tx_pckts,1.0,12.55915336949941,21.3886730424175,182.97496626012466,234.5
89,dl_buffer,0.0,0.0,4.116319444444443,3715.56949657944,184302.0
90,tx_brate,0.0,0.06500082318148213,0.12696703987264324,2.81617687434776,6.96
90,tx_pckts,1.0,12.55915336949941,21.3886730424175,182.97496626012466,234.5
90,dl_buffer,0.0,0.0,4.116319444444443,2693.9925169437474,184302.0
91,tx_brate,0.0,0.06593493450722625,0.12696703987264324,2.81617687434776,6.96
91,tx_pckts,1.0,12.709397734693113,21.3886730424175,182.97496626012466,234.5
91,dl_buffer,0.0,0.0,4.116319444444443,1692.9977371697457,184302.0
92,tx_brate,0.0,0.06593493450722625,0.12696703987264324,2.81617687434776,6.96
92,tx_pckts,1.0,12.709397734693113,21.3886730424175,182.97496626012466,234.5
92,dl_buffer,0.0,0.0,4.116319444444443,1692.9977371697457,184302.0
93,tx_brate,0.0,0.06593493450722625,0.10682592995770498,2.8655492126836433,6.96
93,tx_pckts,1.0,12.709397734693113,21.395425536045604,184.52199838341616,234.5
93,dl_buffer,0.0,0.0,4.116319444444443,696.2851992408844,184302.0
94,tx_brate,0.0,0.06593493450722625,0.10682592995770498,2.8655492126836433,6.96
94,tx_pckts,1.0,12.709397734693113,21.395425536045604,184.52199838341616,234.5
94,dl_buffer,0.0,0.0,4.116319444444443,696.2851992408844,184302.0
95,tx_brate,0.0,0.06681959527433934,0.1067042732850436,2.8171444902188933,6.96
95,tx_pckts,1.0,12.860986204041389,21.389739644445804,184.52199838341616,234.5
95,dl_buffer,0.0,0.0,4.116319444444443,696.2851992408844,184302.0
96,tx_brate,0.0,0.06681959527433934,0.1067042732850436,2.8171444902188933,6.96
96,tx_pckts,1.0,12.860986204041389,21.389739644445804,184.52199838341616,234.5
96,dl_buffer,0.0,0.0,4.116319444444443,696.2851992408844,184302.0
97,tx_brate,0.0,0.06681959527433934,0.1067042732850436,2.864607820050133,6.96
97,tx_pckts,1.0,12.860986204041389,20.205870594932875,184.52199838341616,234.5
97,dl_buffer,0.0,0.0,4.116319444444443,1619.8862778730063,184302.0
98,tx_brate,0.0,0.06609113459185581,0.1067042732850436,2.8175331131541705,6.96
98,tx_pckts,1.0,12.860986204041389,21.36712084321523,184.52199838341616,234.5
98,dl_buffer,0.0,0.0,4.116319444444443,1619.8862778730063,184302.0
99,tx_brate,0.0,0.06693456381695083,0.10659253212227857,2.8175331131541705,6.96
99,tx_pckts,1.0,13.00598798343701,21.361856073724667,184.52199838341616,234.5
99,dl_buffer,0.0,0.0,4.116319444444443,1619.8862778730063,184302.0
100,tx_brate,0.0,0.06693456381695083,0.10659253212227857,2.8175331131541705,6.96
100,tx_pckts,1.0,13.00598798343701,21.361856073724667,184.52199838341616,234.5
100,dl_buffer,0.0,0.0,4.116319444444443,1619.8862778730063,184302.0
101,tx_brate,0.0,0.06693456381695083,0.10647974233641362,2.8175331131541705,6.96
101,tx_pckts,1.0,13.00598798343701,21.361856073724667,185.95323441961494,234.5
101,dl_buffer,0.0,0.0,4.116319444444443,2520.2669598353386,184302.0
102,tx_brate,0.0,0.06623628926870234,0.10647974233641362,2.8175331131541705,6.96
102,tx_pckts,1.0,12.872321235237015,21.361856073724667,185.95323441961494,234.5
102,dl_buffer,0.0,0.0,4.116319444444443,2520.2669598353386,184302.0
103,tx_brate,0.0,0.06623628926870234,0.10647974233641362,2.7729014942813532,6.96
103,tx_pckts,1.0,12.872321235237015,20.224597963172666,185.95323441961494,234.5
103,dl_buffer,0.0,0.0,4.116319444444443,2520.2669598353386,184302.0
104,tx_brate,0.0,0.06623628926870234,0.10647974233641362,2.7729014942813532,6.96
104,tx_pckts,1.0,12.872321235237015,20.224597963172666,185.95323441961494,234.5
104,dl_buffer,0.0,0.0,4.116319444444443,2520.2669598353386,184302.0
105,tx_brate,0.0,0.06623628926870234,0.10642383822068924,2.8166031527728244,6.96
105,tx_pckts,1.0,12.872321235237015,20.23005742240499,187.32940142574492,234.5
105,dl_buffer,0.0,0.0,4.116319444444443,2520.2669598353386,184302.0
106,tx_brate,0.0,0.06623628926870234,0.10642383822068924,2.8166031527728244,6.96
106,tx_pckts,1.0,12.872321235237015,20.23005742240499,187.32940142574492,234.5
106,dl_buffer,0.0,0.0,4.116319444444443,1650.6670903205613,184302.0
107,tx_brate,0.0,0.06700455097907684,0.10632943955296024,2.773649037444666,6.96
107,tx_pckts,1.0,12.999653561519661,21.327271763225795,187.32940142574492,234.5
107,dl_buffer,0.0,0.0,4.116319444444443,1650.6670903205613,184302.0
108,tx_brate,0.0,0.06700455097907684,0.10632943955296024,2.773649037444666,6.96
108,tx_pckts,1.0,12.999653561519661,21.327271763225795,187.32940142574492,234.5
108,dl_buffer,0.0,0.0,4.116319444444443,1650.6670903205613,184302.0
109,tx_brate,0.0,0.06700455097907684,0.10618173543756784,2.815741243588237,6.96
109,tx_pckts,1.0,12.999653561519661,21.32721731211672,188.64777287804196,234.5
109,dl_buffer,0.0,0.0,4.116319444444443,2480.798855984722,184302.0
110,tx_brate,0.0,0.06700455097907684,0.10618173543756784,2.815741243588237,6.96
110,tx_pckts,1.0,12.999653561519661,21.32721731211672,187.35677928500593,234.5
110,dl_buffer,0.0,0.0,4.116319444444443,1650.6670903205616,184302.0
111,tx_brate,0.0,0.06700455097907684,0.10618173543756784,2.774343042716653,6.96
111,tx_pckts,1.0,12.999653561519661,21.32721731211672,187.35677928500593,234.5
111,dl_buffer,0.0,0.0,4.116319444444443,1650.6670903205616,184302.0
112,tx_brate,0.0,0.06700455097907684,0.10618173543756784,2.774343042716653,6.96
112,tx_pckts,1.0,12.999653561519661,21.32721731211672,187.35677928500593,234.5
112,dl_buffer,0.0,0.0,4.116319444444443,1650.6670903205616,184302.0
113,tx_brate,0.0,0.06700455097907684,0.10613336918524131,2.8149401548297477,6.96
113,tx_pckts,1.0,12.999653561519661,20.282925927608268,188.63427043220935,234.5
113,dl_buffer,0.0,0.0,4.116319444444443,1650.6670903205616,184302.0
114,tx_brate,0.0,0.06638208000399569,0.10613336918524131,2.8149401548297477,6.96
114,tx_pckts,1.0,12.999653561519661,20.282925927608268,188.63427043220935,234.5
114,dl_buffer,0.0,0.0,4.116319444444443,1650.6670903205616,184302.0
115,tx_brate,0.0,0.06638208000399569,0.12220680821931004,2.8149401548297477,6.96
115,tx_pckts,1.0,12.999653561519661,21.31002895024388,188.63427043220935,234.5
115,dl_buffer,0.0,0.0,4.116319444444443,1650.6670903205616,184302.0
116,tx_brate,0.0,0.06638208000399569,0.12220680821931004,2.8149401548297477,6.96
116,tx_pckts,1.0,12.999653561519661,21.31002895024388,188.63427043220935,234.5
116,dl_buffer,0.0,0.0,4.116319444444443,1650.6670903205616,184302.0
117,tx_brate,0.0,0.06638208000399569,0.12212494573835275,2.8149401548297477,6.96
117,tx_pckts,1.0,12.999653561519661,22.32525794949642,189.86178403166156,234.5
117,dl_buffer,0.0,0.0,4.116319444444443,2411.2290928745847,184302.0
118,tx_brate,0.0,0.06568878567294148,0.12212494573835275,2.8149401548297477,6.96
118,tx_pckts,1.0,12.878644349949072,22.32525794949642,189.86178403166156,234.5
118,dl_buffer,0.0,0.0,4.116319444444443,2411.2290928745847,184302.0
119,tx_brate,0.0,0.06568878567294148,0.10651132510047512,2.8149401548297477,6.96
119,tx_pckts,1.0,12.878644349949072,21.320864682819966,189.86178403166156,234.5
119,dl_buffer,0.0,0.0,4.116319444444443,1655.1323734579444,184302.0
120,tx_brate,0.0,0.06568878567294148,0.10651132510047512,2.8149401548297477,6.96
120,tx_pckts,1.0,12.878644349949072,21.320864682819966,189.86178403166156,234.5
120,dl_buffer,0.0,0.0,4.116319444444443,1655.1323734579444,184302.0
121,tx_brate,0.0,0.06568878567294148,0.10651132510047512,2.8149401548297477,6.96
121,tx_pckts,1.0,12.878644349949072,21.320864682819966,191.05390805202993,234.5
121,dl_buffer,0.0,0.0,4.116319444444443,2384.9450960381178,184302.0
122,tx_brate,0.0,0.06568878567294148,0.10651132510047512,2.7771923226780992,6.96
122,tx_pckts,1.0,12.878644349949072,21.320864682819966,191.05390805202993,234.5
122,dl_buffer,0.0,0.0,4.116319444444443,2384.9450960381178,184302.0
123,tx_brate,0.0,0.06568878567294148,0.12132828431908253,2.7771923226780992,6.96
123,tx_pckts,1.0,12.878644349949072,22.294500003596365,191.05390805202993,234.5
123,dl_buffer,0.0,0.0,4.116319444444443,2384.9450960381178,184302.0
124,tx_brate,0.0,0.06568878567294148,0.12132828431908253,2.7771923226780992,6.96
124,tx_pckts,1.0,12.878644349949072,22.294500003596365,191.05390805202993,234.5
124,dl_buffer,0.0,0.0,4.116319444444443,2384.9450960381178,184302.0
125,tx_brate,0.0,0.06568878567294148,0.12128930136426046,2.8137956869812357,6.96
125,tx_pckts,1.0,12.878644349949072,22.290520661135762,191.05390805202993,234.5
125,dl_buffer,0.0,0.0,4.116319444444443,1663.200509183483,184302.0
126,tx_brate,0.0,0.0650441277183145,0.12128930136426046,2.8137956869812357,6.96
126,tx_pckts,1.0,12.765523683615852,22.290520661135762,191.05390805202993,234.5
126,dl_buffer,0.0,0.0,4.116319444444443,1663.200509183483,184302.0
127,tx_brate,0.0,0.0650441277183145,0.12128930136426046,2.8137956869812357,6.96
127,tx_pckts,1.0,12.765523683615852,22.290520661135762,191.05390805202993,234.5
127,dl_buffer,0.0,0.0,4.116319444444443,963.7328191401914,184302.0
128,tx_brate,0.0,0.0650441277183145,0.12128930136426046,2.8137956869812357,6.96
128,tx_pckts,1.0,12.765523683615852,22.290520661135762,191.05390805202993,234.5
128,dl_buffer,0.0,0.0,4.116319444444443,963.7328191401914,184302.0
129,tx_brate,0.0,0.0650441277183145,0.12125466514389481,2.849263216352254,6.96
129,tx_pckts,1.0,12.765523683615852,22.294456566182657,192.1611724551353,234.5
129,dl_buffer,0.0,0.0,4.116319444444443,1647.9349453897541,184302.0
130,tx_brate,0.0,0.06441950670807507,0.12125466514389481,2.849263216352254,6.96
130,tx_pckts,1.0,12.655865642793218,22.294456566182657,191.07399081053836,234.5
130,dl_buffer,0.0,0.0,4.116319444444443,1647.9349453897541,184302.0
131,tx_brate,0.0,0.06441950670807507,0.10690571914067175,2.849263216352254,6.96
131,tx_pckts,1.0,12.655865642793218,21.375779214846617,191.07399081053836,234.5
131,dl_buffer,0.0,0.0,4.116319444444443,1647.9349453897541,184302.0
132,tx_brate,0.0,0.06441950670807507,0.10690571914067175,2.849263216352254,6.96
132,tx_pckts,1.0,12.655865642793218,21.375779214846617,191.07399081053836,234.5
132,dl_buffer,0.0,0.0,4.116319444444443,1647.9349453897541,184302.0
133,tx_brate,0.0,0.06496217533315463,0.12103922696310372,2.8837364104204375,6.96
133,tx_pckts,1.0,12.758933912912633,21.375779214846617,192.15692805850452,234.5
133,dl_buffer,0.0,0.0,4.116319444444443,1647.9349453897541,184302.0
134,tx_brate,0.0,0.06496217533315463,0.12103922696310372,2.8837364104204375,6.96
134,tx_pckts,1.0,12.758933912912633,21.375779214846617,192.15692805850452,234.5
134,dl_buffer,0.0,0.0,4.116319444444443,981.5826650789113,184302.0
135,tx_brate,0.0,0.06496217533315463,0.1069508535378271,2.8837364104204375,6.96
135,tx_pckts,1.0,12.758933912912633,20.479634032873747,192.15692805850452,234.5
135,dl_buffer,0.0,0.0,4.116319444444443,331.33744563536436,184302.0
136,tx_brate,0.0,0.06496217533315463,0.1069508535378271,2.8837364104204375,6.96
136,tx_pckts,1.0,12.758933912912633,20.479634032873747,192.15692805850452,234.5
136,dl_buffer,0.0,0.0,4.116319444444443,331.33744563536436,184302.0
137,tx_brate,0.0,0.06496217533315463,0.12063825981967968,2.8837364104204375,6.96
137,tx_pckts,1.0,12.758933912912633,21.36336799418208,193.20798962501016,234.5
137,dl_buffer,0.0,0.0,4.116319444444443,960.9861456839478,184302.0
138,tx_brate,0.0,0.06437693519973738,0.12063825981967968,2.8837364104204375,6.96
138,tx_pckts,1.0,12.660221978355265,21.36336799418208,193.20798962501016,234.5
138,dl_buffer,0.0,0.0,4.116319444444443,960.9861456839478,184302.0
139,tx_brate,0.0,0.06437693519973738,0.12063825981967968,2.850791112851425,6.96
139,tx_pckts,1.0,12.660221978355265,21.36336799418208,193.20798962501016,234.5
139,dl_buffer,0.0,0.0,4.116319444444443,960.9861456839478,184302.0
140,tx_brate,0.0,0.06437693519973738,0.12063825981967968,2.850791112851425,6.96
140,tx_pckts,1.0,12.660221978355265,21.36336799418208,193.20798962501016,234.5
140,dl_buffer,0.0,0.0,4.116319444444443,960.9861456839478,184302.0
141,tx_brate,0.0,0.06437693519973738,0.10727843530162058,2.8832999085102067,6.96
141,tx_pckts,1.0,12.757333313412941,20.503312989390732,194.22893932438728,234.5
141,dl_buffer,0.0,0.0,4.116319444444443,960.9861456839478,184302.0
142,tx_brate,0.0,0.06387181554211059,0.10727843530162058,2.8509149879727653,6.96
142,tx_pckts,1.0,12.757333313412941,20.503312989390732,194.22893932438728,234.5
142,dl_buffer,0.0,0.0,4.116319444444443,960.9861456839478,184302.0
143,tx_brate,0.0,0.06387181554211059,0.12018520458521459,2.8188902439852557,6.96
143,tx_pckts,1.0,12.757333313412941,21.355292360334275,194.22893932438728,234.5
143,dl_buffer,0.0,0.0,4.116319444444443,960.9861456839478,184302.0
144,tx_brate,0.0,0.06387181554211059,0.12018520458521459,2.8188902439852557,6.96
144,tx_pckts,1.0,12.757333313412941,21.355292360334275,194.22893932438728,234.5
144,dl_buffer,0.0,0.0,4.116319444444443,960.9861456839478,184302.0
145,tx_brate,0.0,0.06387181554211059,0.10763548998908476,2.7871598829022832,6.96
145,tx_pckts,1.0,12.757333313412941,21.358515870583325,195.2175455632364,234.5
145,dl_buffer,0.0,0.0,4.116319444444443,1553.2344357445818,184302.0
146,tx_brate,0.0,0.0633788795039071,0.10763548998908476,2.7871598829022832,6.96
146,tx_pckts,1.0,12.664070599644534,21.358515870583325,195.2175455632364,234.5
146,dl_buffer,0.0,0.0,4.116319444444443,1553.2344357445818,184302.0
147,tx_brate,0.0,0.063867603977181,0.09514694105162454,2.7871598829022832,6.96
147,tx_pckts,1.0,12.664070599644534,20.52183321786753,195.2175455632364,234.5
147,dl_buffer,0.0,0.0,4.116319444444443,1553.2344357445818,184302.0
148,tx_brate,0.0,0.063867603977181,0.09514694105162454,2.7871598829022832,6.96
148,tx_pckts,1.0,12.664070599644534,20.52183321786753,195.2175455632364,234.5
148,dl_buffer,0.0,0.0,4.116319444444443,1553.2344357445818,184302.0
149,tx_brate,0.0,0.063867603977181,0.1074695305490232,2.8179690441175556,6.96
149,tx_pckts,1.0,12.664070599644534,21.3478670412322,196.18323038395508,234.5
149,dl_buffer,0.0,0.0,4.116319444444443,2131.0714611643366,184302.0
150,tx_brate,0.0,0.063867603977181,0.1074695305490232,2.8179690441175556,6.96
150,tx_pckts,1.0,12.664070599644534,21.3478670412322,196.18323038395508,234.5
150,dl_buffer,0.0,0.0,4.116319444444443,1547.3889736882447,184302.0
151,tx_brate,0.0,0.063867603977181,0.1074192592989643,2.8179690441175556,6.96
151,tx_pckts,1.0,12.664070599644534,21.344969791598196,196.18323038395508,234.5
151,dl_buffer,0.0,0.0,4.116319444444443,976.6489725163989,184302.0
152,tx_brate,0.0,0.063867603977181,0.1074192592989643,2.8179690441175556,6.96
152,tx_pckts,1.0,12.664070599644534,21.344969791598196,196.18323038395508,234.5
152,dl_buffer,0.0,0.0,4.116319444444443,976.6489725163989,184302.0
153,tx_brate,0.0,0.06433955901791734,0.1074192592989643,2.847971457479189,6.96
153,tx_pckts,1.0,12.664070599644534,21.344969791598196,197.1234456565497,234.5
153,dl_buffer,0.0,0.0,4.116319444444443,976.6489725163989,184302.0
154,tx_brate,0.0,0.06387328727863104,0.1074192592989643,2.847971457479189,6.96
154,tx_pckts,1.0,12.575720314003801,21.344969791598196,197.1234456565497,234.5
154,dl_buffer,0.0,0.0,4.116319444444443,976.6489725163989,184302.0
155,tx_brate,0.0,0.06438859698849811,0.11947163233013555,2.847971457479189,6.96
155,tx_pckts,1.0,12.575720314003801,21.34220740178901,197.1234456565497,234.5
155,dl_buffer,0.0,0.0,4.116319444444443,976.6489725163989,184302.0
156,tx_brate,0.0,0.06438859698849811,0.11947163233013555,2.847971457479189,6.96
156,tx_pckts,1.0,12.575720314003801,21.34220740178901,197.1234456565497,234.5
156,dl_buffer,0.0,0.0,4.116319444444443,976.6489725163989,184302.0
157,tx_brate,0.0,0.06438859698849811,0.11947163233013555,2.877156082344034,6.96
157,tx_pckts,1.0,12.575720314003801,21.34220740178901,198.03949863791667,234.5
157,dl_buffer,0.0,0.0,4.116319444444443,976.6489725163989,184302.0
158,tx_brate,0.0,0.06438859698849811,0.11947163233013555,2.877156082344034,6.96
158,tx_pckts,1.0,12.575720314003801,21.34220740178901,198.03949863791667,234.5
158,dl_buffer,0.0,0.0,4.116319444444443,432.342642281911,184302.0
159,tx_brate,0.0,0.06488923506836591,0.10755910207312437,2.877156082344034,6.96
159,tx_pckts,1.0,12.661048788640445,20.557318571821256,198.03949863791667,234.5
159,dl_buffer,0.0,0.0,4.116319444444443,432.342642281911,184302.0
160,tx_brate,0.0,0.06488923506836591,0.10755910207312437,2.877156082344034,6.96
160,tx_pckts,1.0,12.661048788640445,20.557318571821256,198.03949863791667,234.5
160,dl_buffer,0.0,0.0,4.116319444444443,432.342642281911,184302.0
161,tx_brate,0.0,0.06488923506836591,0.10753866570876655,2.9056148599390013,6.96
161,tx_pckts,1.0,12.661048788640445,20.56004951134383,198.93262631213315,234.5
161,dl_buffer,0.0,0.0,4.116319444444443,432.342642281911,184302.0
162,tx_brate,0.0,0.06488923506836591,0.10753866570876655,2.9056148599390013,6.96
162,tx_pckts,1.0,12.58034510206918,20.56004951134383,198.93262631213315,234.5
162,dl_buffer,0.0,0.0,4.116319444444443,432.342642281911,184302.0
163,tx_brate,0.0,0.06488923506836591,0.10749401010046512,2.9056148599390013,6.96
163,tx_pckts,1.0,12.58034510206918,20.5574682679494,198.93262631213315,234.5
163,dl_buffer,0.0,0.0,4.116319444444443,432.342642281911,184302.0
164,tx_brate,0.0,0.06488923506836591,0.10749401010046512,2.9056148599390013,6.96
164,tx_pckts,1.0,12.58034510206918,20.5574682679494,198.93262631213315,234.5
164,dl_buffer,0.0,0.0,4.116319444444443,432.342642281911,184302.0
165,tx_brate,0.0,0.06532798613000046,0.10747545743667639,2.933383383191217,6.96
165,tx_pckts,1.0,12.66017150316285,20.56009678971003,199.8039729050864,234.5
165,dl_buffer,0.0,0.0,4.116319444444443,432.342642281911,184302.0
166,tx_brate,0.0,0.06532798613000046,0.10747545743667639,2.933383383191217,6.96
166,tx_pckts,1.0,12.66017150316285,20.56009678971003,199.8039729050864,234.5
166,dl_buffer,0.0,0.0,4.116319444444443,425.65160598757564,184302.0
167,tx_brate,0.0,0.06580289568866676,0.10743433209030993,2.933383383191217,6.96
167,tx_pckts,1.0,12.741300990819786,20.5579418933041,199.8039729050864,234.5
167,dl_buffer,0.0,0.0,4.116319444444443,425.65160598757564,184302.0
168,tx_brate,0.0,0.06580289568866676,0.10743433209030993,2.933383383191217,6.96
168,tx_pckts,1.0,12.741300990819786,20.5579418933041,199.8039729050864,234.5
168,dl_buffer,0.0,0.0,4.116319444444443,425.65160598757564,184302.0
169,tx_brate,0.0,0.06580289568866676,0.10743433209030993,2.9605400007216396,6.96
169,tx_pckts,1.0,12.741300990819786,19.81611436592249,199.8039729050864,234.5
169,dl_buffer,0.0,0.0,4.116319444444443,922.7188294787038,184302.0
170,tx_brate,0.0,0.06580289568866676,0.10743433209030993,2.933524183690539,6.96
170,tx_pckts,1.0,12.815672984360981,20.54697146763301,199.8039729050864,234.5
170,dl_buffer,0.0,0.0,4.116319444444443,922.7188294787038,184302.0
171,tx_brate,0.0,0.06626641637894264,0.11855207201733921,2.906761172078306,6.96
171,tx_pckts,1.0,12.894999854549383,21.280258918302522,199.8039729050864,234.5
171,dl_buffer,0.0,0.0,4.116319444444443,922.7188294787038,184302.0
172,tx_brate,0.0,0.06626641637894264,0.11855207201733921,2.906761172078306,6.96
172,tx_pckts,1.0,12.894999854549383,21.280258918302522,199.8039729050864,234.5
172,dl_buffer,0.0,0.0,4.116319444444443,922.7188294787038,184302.0
173,tx_brate,0.0,0.06626641637894264,0.11855207201733921,2.9332419939828105,6.96
173,tx_pckts,1.0,12.894999854549383,21.280258918302522,200.63477742090464,234.5
173,dl_buffer,0.0,0.0,4.116319444444443,922.7188294787038,184302.0
174,tx_brate,0.0,0.06581083354559411,0.11855207201733921,2.9332419939828105,6.96
174,tx_pckts,1.0,12.894999854549383,21.280258918302522,200.63477742090464,234.5
174,dl_buffer,0.0,0.0,4.116319444444443,922.7188294787038,184302.0
175,tx_brate,0.0,0.06581083354559411,0.11855207201733921,2.9332419939828105,6.96
175,tx_pckts,1.0,12.894999854549383,21.280258918302522,200.63477742090464,234.5
175,dl_buffer,0.0,0.0,4.116319444444443,922.7188294787038,184302.0
176,tx_brate,0.0,0.06581083354559411,0.11855207201733921,2.9332419939828105,6.96
176,tx_pckts,1.0,12.894999854549383,21.280258918302522,200.63477742090464,234.5
176,dl_buffer,0.0,0.0,4.116319444444443,922.7188294787038,184302.0
177,tx_brate,0.0,0.0662616018802608,0.118536836017657,2.9590816661579358,6.96
177,tx_pckts,1.0,12.894999854549383,21.994098376729728,201.4439249405837,234.5
177,dl_buffer,0.0,0.0,4.116319444444443,1396.1672787209316,184302.0
178,tx_brate,0.0,0.06581634484660506,0.118536836017657,2.9590816661579358,6.96
178,tx_pckts,1.0,12.816149244452914,21.994098376729728,201.4439249405837,234.5
178,dl_buffer,0.0,0.0,4.116319444444443,918.3610061500729,184302.0
179,tx_brate,0.0,0.06625903579286074,0.118536836017657,2.9590816661579358,6.96
179,tx_pckts,1.0,12.894778826388231,22.68572294903244,200.6575865669302,234.5
179,dl_buffer,0.0,0.0,4.116319444444443,449.78970516800393,184302.0
180,tx_brate,0.0,0.06625903579286074,0.118536836017657,2.9590816661579358,6.96
180,tx_pckts,1.0,12.894778826388231,22.68572294903244,200.6575865669302,234.5
180,dl_buffer,0.0,0.0,4.116319444444443,449.78970516800393,184302.0
181,tx_brate,0.0,0.06625903579286074,0.118536836017657,2.984389972611895,6.96
181,tx_pckts,1.0,12.975158447569726,22.68572294903244,201.446081322529,234.5
181,dl_buffer,0.0,0.0,4.116319444444443,449.78970516800393,184302.0
182,tx_brate,0.0,0.06625903579286074,0.118536836017657,2.984389972611895,6.96
182,tx_pckts,1.0,12.975158447569726,22.68572294903244,201.446081322529,234.5
182,dl_buffer,0.0,0.0,4.116319444444443,449.78970516800393,184302.0
183,tx_brate,0.0,0.06625903579286074,0.10781119893111135,2.984389972611895,6.96
183,tx_pckts,1.0,12.975158447569726,21.993332544414432,201.446081322529,234.5
183,dl_buffer,0.0,0.0,4.116319444444443,449.78970516800393,184302.0
184,tx_brate,0.0,0.06625903579286074,0.10781119893111135,2.984389972611895,6.96
184,tx_pckts,1.0,12.975158447569726,21.993332544414432,201.446081322529,234.5
184,dl_buffer,0.0,0.0,4.116319444444443,449.78970516800393,184302.0
185,tx_brate,0.0,0.0666510765162466,0.10775461576363653,2.959570405220756,6.96
185,tx_pckts,1.0,13.051497838640323,21.99549430130199,202.2174170900134,234.5
185,dl_buffer,0.0,0.0,4.116319444444443,899.2069686526952,184302.0
186,tx_brate,0.0,0.06626411109042164,0.10775461576363653,2.959570405220756,6.96
186,tx_pckts,1.0,12.976050990645888,21.99549430130199,202.2174170900134,234.5
186,dl_buffer,0.0,0.0,4.116319444444443,899.2069686526952,184302.0
187,tx_brate,0.0,0.06626411109042164,0.10775461576363653,2.935067548758732,6.96
187,tx_pckts,1.0,12.976050990645888,21.31523016197372,202.2174170900134,234.5
187,dl_buffer,0.0,0.0,4.116319444444443,899.2069686526952,184302.0
188,tx_brate,0.0,0.06626411109042164,0.10775461576363653,2.935067548758732,6.96
188,tx_pckts,1.0,12.976050990645888,21.31523016197372,202.2174170900134,234.5
188,dl_buffer,0.0,0.0,4.116319444444443,899.2069686526952,184302.0
189,tx_brate,0.0,0.06626411109042164,0.10775461576363653,2.935067548758732,6.96
189,tx_pckts,1.0,12.976050990645888,21.31523016197372,202.9771673956266,234.5
189,dl_buffer,0.0,0.0,4.116319444444443,1344.1390807116031,184302.0
190,tx_brate,0.0,0.0658852889451055,0.10775461576363653,2.935067548758732,6.96
190,tx_pckts,1.0,12.976050990645888,21.31523016197372,202.9771673956266,234.5
190,dl_buffer,0.0,0.0,4.116319444444443,895.391836319093,184302.0
191,tx_brate,0.0,0.0658852889451055,0.10775461576363653,2.935067548758732,6.96
191,tx_pckts,1.0,12.976050990645888,21.31523016197372,202.9771673956266,234.5
191,dl_buffer,0.0,0.0,4.116319444444443,895.391836319093,184302.0
192,tx_brate,0.0,0.0658852889451055,0.10775461576363653,2.935067548758732,6.96
192,tx_pckts,1.0,12.976050990645888,21.31523016197372,202.9771673956266,234.5
192,dl_buffer,0.0,0.0,4.116319444444443,895.391836319093,184302.0
193,tx_brate,0.0,0.06626003407729962,0.09791037711536277,2.911245003428414,6.96
193,tx_pckts,1.0,13.046681085054944,20.655457264630936,203.72104841711936,234.5
193,dl_buffer,0.0,0.0,4.116319444444443,1329.116682841971,184302.0
194,tx_brate,0.0,0.06592321912793964,0.09791037711536277,2.911245003428414,6.96
194,tx_pckts,1.0,12.979005966179706,20.655457264630936,203.72104841711936,234.5
194,dl_buffer,0.0,0.0,4.116319444444443,1329.116682841971,184302.0
195,tx_brate,0.0,0.06592321912793964,0.0978786201904946,2.911245003428414,6.96
195,tx_pckts,1.0,12.979005966179706,20.653587914803108,203.72104841711936,234.5
195,dl_buffer,0.0,0.0,4.116319444444443,1329.116682841971,184302.0
196,tx_brate,0.0,0.06592321912793964,0.0978786201904946,2.911245003428414,6.96
196,tx_pckts,1.0,12.979005966179706,20.653587914803108,203.72104841711936,234.5
196,dl_buffer,0.0,0.0,4.116319444444443,1329.116682841971,184302.0
197,tx_brate,0.0,0.06592321912793964,0.10758961604134946,2.934524789314029,6.96
197,tx_pckts,1.0,13.046083058039102,21.94702692424655,204.44974606269193,234.5
197,dl_buffer,0.0,0.0,4.116319444444443,897.7289846624776,184302.0
198,tx_brate,0.0,0.06556027783332463,0.10758961604134946,2.934524789314029,6.96
198,tx_pckts,1.0,13.046083058039102,21.94702692424655,204.44974606269193,234.5
198,dl_buffer,0.0,0.0,4.116319444444443,897.7289846624776,184302.0
199,tx_brate,0.0,0.06595277717727686,0.1075608379648347,2.911501997728385,6.96
199,tx_pckts,1.0,13.118416969278657,21.9455207914421,204.44974606269193,234.5
199,dl_buffer,0.0,0.0,4.116319444444443,897.7289846624776,184302.0
200,tx_brate,0.0,0.06595277717727686,0.1075608379648347,2.911501997728385,6.96
200,tx_pckts,1.0,13.118416969278657,21.9455207914421,204.44974606269193,234.5
200,dl_buffer,0.0,0.0,4.116319444444443,897.7289846624776,184302.0
201,tx_brate,0.0,0.06595277717727686,0.10753138381107549,2.911501997728385,6.96
201,tx_pckts,1.0,13.118416969278657,21.305763733346282,205.16168050094734,234.5
201,dl_buffer,0.0,0.0,4.116319444444443,1314.0858862056266,184302.0
202,tx_brate,0.0,0.06559723189690561,0.10753138381107549,2.911501997728385,6.96
202,tx_pckts,1.0,13.118416969278657,21.305763733346282,205.16168050094734,234.5
202,dl_buffer,0.0,0.0,4.116319444444443,1314.0858862056266,184302.0
203,tx_brate,0.0,0.06595085688688639,0.09811082882914889,2.911501997728385,6.96
203,tx_pckts,1.0,13.185170882028238,20.67043142182847,205.16168050094734,234.5
203,dl_buffer,0.0,0.0,4.116319444444443,1314.0858862056266,184302.0
204,tx_brate,0.0,0.06595085688688639,0.09811082882914889,2.911501997728385,6.96
204,tx_pckts,1.0,13.185170882028238,20.67043142182847,205.16168050094734,234.5
204,dl_buffer,0.0,0.0,4.116319444444443,1314.0858862056266,184302.0
205,tx_brate,0.0,0.06595085688688639,0.09809874736732364,2.933870358251957,6.96
205,tx_pckts,1.0,13.185170882028238,20.672251615517578,205.86174339654846,234.5
205,dl_buffer,0.0,0.0,4.116319444444443,899.8798835901661,184302.0
206,tx_brate,0.0,0.06595085688688639,0.09809874736732364,2.933870358251957,6.96
206,tx_pckts,1.0,13.185170882028238,20.672251615517578,205.86174339654846,234.5
206,dl_buffer,0.0,0.0,4.116319444444443,899.8798835901661,184302.0
207,tx_brate,0.0,0.06595085688688639,0.10738004025200025,2.933870358251957,6.96
207,tx_pckts,1.0,13.185170882028238,21.29580039388172,205.86174339654846,234.5
207,dl_buffer,0.0,0.0,4.116319444444443,496.94409463224326,184302.0
208,tx_brate,0.0,0.06595085688688639,0.10738004025200025,2.933870358251957,6.96
208,tx_pckts,1.0,13.185170882028238,21.29580039388172,205.86174339654846,234.5
208,dl_buffer,0.0,0.0,4.116319444444443,496.94409463224326,184302.0
209,tx_brate,0.0,0.06595085688688639,0.10736896414886266,2.9557803907614515,6.96
209,tx_pckts,1.0,13.185170882028238,21.297571951391358,206.54632353278163,234.5
209,dl_buffer,0.0,0.0,4.116319444444443,496.94409463224326,184302.0
210,tx_brate,0.0,0.06560940129978507,0.10736896414886266,2.9557803907614515,6.96
210,tx_pckts,1.0,13.185170882028238,21.297571951391358,206.54632353278163,234.5
210,dl_buffer,0.0,0.0,4.116319444444443,496.94409463224326,184302.0
211,tx_brate,0.0,0.06560940129978507,0.10734178434683499,2.9557803907614515,6.96
211,tx_pckts,1.0,13.185170882028238,21.29596659843454,206.54632353278163,234.5
211,dl_buffer,0.0,0.0,4.116319444444443,496.94409463224326,184302.0
212,tx_brate,0.0,0.06560940129978507,0.10734178434683499,2.9557803907614515,6.96
212,tx_pckts,1.0,13.185170882028238,21.29596659843454,206.54632353278163,234.5
212,dl_buffer,0.0,0.0,4.116319444444443,496.94409463224326,184302.0
213,tx_brate,0.0,0.06560940129978507,0.10734178434683499,2.9773076232631532,6.96
213,tx_pckts,1.0,13.185170882028238,21.29596659843454,206.54632353278163,234.5
213,dl_buffer,0.0,0.0,4.116319444444443,882.4834089939291,184302.0
214,tx_brate,0.0,0.06527441148617437,0.10734178434683499,2.9773076232631532,6.96
214,tx_pckts,1.0,13.12182308952494,21.29596659843454,206.54632353278163,234.5
214,dl_buffer,0.0,0.0,4.116319444444443,882.4834089939291,184302.0
215,tx_brate,0.0,0.06527441148617437,0.10731540807401689,2.9773076232631532,6.96
215,tx_pckts,1.0,13.12182308952494,21.2944221794736,206.54632353278163,234.5
215,dl_buffer,0.0,0.0,4.116319444444443,497.77049197506415,184302.0
216,tx_brate,0.0,0.06527441148617437,0.10731540807401689,2.9773076232631532,6.96
216,tx_pckts,1.0,13.12182308952494,21.89325964214622,206.54632353278163,234.5
216,dl_buffer,0.0,0.0,4.116319444444443,497.77049197506415,184302.0
217,tx_brate,0.0,0.06527441148617437,0.10728952508694552,2.9773076232631532,6.96
217,tx_pckts,1.0,13.186374749940375,21.294762816671685,207.2055277267647,234.5
217,dl_buffer,0.0,0.0,4.116319444444443,877.7620467012139,184302.0
218,tx_brate,0.0,0.06494572785753679,0.10728952508694552,2.9773076232631532,6.96
218,tx_pckts,1.0,13.186374749940375,21.294762816671685,207.2055277267647,234.5
218,dl_buffer,0.0,0.0,4.116319444444443,877.7620467012139,184302.0
219,tx_brate,0.0,0.06527326241869848,0.10728952508694552,2.9773076232631532,6.96
219,tx_pckts,1.0,13.248327140507719,21.294762816671685,207.2055277267647,234.5
219,dl_buffer,0.0,0.0,4.116319444444443,498.5916001930654,184302.0
220,tx_brate,0.0,0.06527326241869848,0.10728952508694552,2.9773076232631532,6.96
220,tx_pckts,1.0,13.248327140507719,21.884298380763653,207.2055277267647,234.5
220,dl_buffer,0.0,0.0,4.116319444444443,498.5916001930654,184302.0
221,tx_brate,0.0,0.06559937039768615,0.10725539271175934,2.998026757569098,6.96
221,tx_pckts,1.0,13.311681562868985,21.296561032794514,207.85274374065403,234.5
221,dl_buffer,0.0,0.0,4.116319444444443,498.5916001930654,184302.0
222,tx_brate,0.0,0.06559937039768615,0.10725539271175934,2.998026757569098,6.96
222,tx_pckts,1.0,13.250623636370147,21.296561032794514,207.85274374065403,234.5
222,dl_buffer,0.0,0.0,4.116319444444443,498.5916001930654,184302.0
223,tx_brate,0.0,0.06559937039768615,0.10723067780561991,2.998026757569098,6.96
223,tx_pckts,1.0,13.250623636370147,20.710698577567772,207.85274374065403,234.5
223,dl_buffer,0.0,0.0,4.116319444444443,498.5916001930654,184302.0
224,tx_brate,0.0,0.06559937039768615,0.10723067780561991,2.998026757569098,6.96
224,tx_pckts,1.0,13.250623636370147,20.710698577567772,207.85274374065403,234.5
224,dl_buffer,0.0,0.0,4.116319444444443,498.5916001930654,184302.0
225,tx_brate,0.0,0.06559937039768615,0.0985896910379308,2.977611911108918,6.96
225,tx_pckts,1.0,13.250623636370147,20.13134764681111,208.49188730136467,234.5
225,dl_buffer,0.0,0.0,4.116319444444443,865.0946667094745,184302.0
226,tx_brate,0.0,0.06530824559489111,0.0985896910379308,2.977611911108918,6.96
226,tx_pckts,1.0,13.194114045111654,20.13134764681111,208.49188730136467,234.5
226,dl_buffer,0.0,0.0,4.116319444444443,865.0946667094745,184302.0
227,tx_brate,0.0,0.06530824559489111,0.10718055730788369,2.977611911108918,6.96
227,tx_pckts,1.0,13.194114045111654,20.707447272935752,208.49188730136467,234.5
227,dl_buffer,0.0,0.0,4.116319444444443,865.0946667094745,184302.0
228,tx_brate,0.0,0.06530824559489111,0.10718055730788369,2.977611911108918,6.96
228,tx_pckts,1.0,13.194114045111654,20.707447272935752,208.49188730136467,234.5
228,dl_buffer,0.0,0.0,4.116319444444443,865.0946667094745,184302.0
229,tx_brate,0.0,0.06530824559489111,0.11572103726540282,2.9976059467691876,6.96
229,tx_pckts,1.0,13.251907145618796,21.846357216882307,209.11811548239558,234.5
229,dl_buffer,0.0,0.0,4.116319444444443,865.0946667094745,184302.0
230,tx_brate,0.0,0.06497208761639459,0.11572103726540282,2.9976059467691876,6.96
230,tx_pckts,1.0,13.251907145618796,21.846357216882307,209.11811548239558,234.5
230,dl_buffer,0.0,0.0,4.116319444444443,500.92031796620375,184302.0
231,tx_brate,0.0,0.06530608340504099,0.10727060538250903,2.9777817980793206,6.96
231,tx_pckts,1.0,13.251907145618796,21.27726587515455,209.11811548239558,234.5
231,dl_buffer,0.0,0.0,4.116319444444443,500.92031796620375,184302.0
232,tx_brate,0.0,0.06530608340504099,0.10727060538250903,2.9777817980793206,6.96
232,tx_pckts,1.0,13.251907145618796,21.27726587515455,209.11811548239558,234.5
232,dl_buffer,0.0,0.0,4.116319444444443,500.92031796620375,184302.0
233,tx_brate,0.0,0.06530608340504099,0.09886903015016266,2.9974558394939237,6.96
233,tx_pckts,1.0,13.251907145618796,20.714281288805697,209.73352778136854,234.5
233,dl_buffer,0.0,0.0,4.116319444444443,854.8688063856395,184302.0
234,tx_brate,0.0,0.06530608340504099,0.09886903015016266,2.9974558394939237,6.96
234,tx_pckts,1.0,13.251907145618796,20.714281288805697,209.73352778136854,234.5
234,dl_buffer,0.0,0.0,4.116319444444443,854.8688063856395,184302.0
235,tx_brate,0.0,0.06530608340504099,0.09884651566859608,2.9974558394939237,6.96
235,tx_pckts,1.0,13.251907145618796,20.712940914734947,209.73352778136854,234.5
235,dl_buffer,0.0,0.0,4.116319444444443,854.8688063856395,184302.0
236,tx_brate,0.0,0.06530608340504099,0.09884651566859608,2.9974558394939237,6.96
236,tx_pckts,1.0,13.251907145618796,20.712940914734947,209.73352778136854,234.5
236,dl_buffer,0.0,0.0,4.116319444444443,854.8688063856395,184302.0
237,tx_brate,0.0,0.06530608340504099,0.09884651566859608,2.9974558394939237,6.96
237,tx_pckts,1.0,13.251907145618796,20.712940914734947,210.3400868271541,234.5
237,dl_buffer,0.0,0.0,4.116319444444443,1206.1272207186719,184302.0
238,tx_brate,0.0,0.06530608340504099,0.09884651566859608,2.9974558394939237,6.96
238,tx_pckts,1.0,13.196607574722002,20.712940914734947,210.3400868271541,234.5
238,dl_buffer,0.0,0.0,4.116319444444443,1206.1272207186719,184302.0
239,tx_brate,0.0,0.06530608340504099,0.10705982030750051,2.9974558394939237,6.96
239,tx_pckts,1.0,13.25174641208112,20.712940914734947,210.3400868271541,234.5
239,dl_buffer,0.0,0.0,4.116319444444443,1206.1272207186719,184302.0
240,tx_brate,0.0,0.06530608340504099,0.10705982030750051,2.9974558394939237,6.96
240,tx_pckts,1.0,13.25174641208112,20.712940914734947,210.3400868271541,234.5
240,dl_buffer,0.0,0.0,4.116319444444443,1206.1272207186719,184302.0
241,tx_brate,0.0,0.06530608340504099,0.10705982030750051,2.9974558394939237,6.96
241,tx_pckts,1.0,13.25174641208112,20.712940914734947,210.93651168391028,234.5
241,dl_buffer,0.0,0.0,4.116319444444443,1554.6797959806618,184302.0
242,tx_brate,0.0,0.06501068848548734,0.10705982030750051,2.9785081239770483,6.96
242,tx_pckts,1.0,13.197362227806737,20.712940914734947,210.93651168391028,234.5
242,dl_buffer,0.0,0.0,4.116319444444443,1554.6797959806618,184302.0
243,tx_brate,0.0,0.06501068848548734,0.09901275433474274,2.9785081239770483,6.96
243,tx_pckts,1.0,13.251515727327918,20.167075029856164,210.93651168391028,234.5
243,dl_buffer,0.0,0.0,4.116319444444443,1554.6797959806618,184302.0
244,tx_brate,0.0,0.06501068848548734,0.09901275433474274,2.9785081239770483,6.96
244,tx_pckts,1.0,13.251515727327918,20.167075029856164,210.93651168391028,234.5
244,dl_buffer,0.0,0.0,4.116319444444443,1554.6797959806618,184302.0
245,tx_brate,0.0,0.06501068848548734,0.1069308822819352,2.9785081239770483,6.96
245,tx_pckts,1.0,13.251515727327918,20.167075029856164,211.52463476110023,234.5
245,dl_buffer,0.0,0.0,4.116319444444443,1898.2864367594434,184302.0
246,tx_brate,0.0,0.06501068848548734,0.1069308822819352,2.9785081239770483,6.96
246,tx_pckts,1.0,13.251515727327918,20.167075029856164,210.94467794526778,234.5
246,dl_buffer,0.0,0.0,4.116319444444443,1554.6797959806618,184302.0
247,tx_brate,0.0,0.06501068848548734,0.1069108822746063,2.9785081239770483,6.96
247,tx_pckts,1.0,13.251515727327918,20.16583689893064,210.94467794526778,234.5
247,dl_buffer,0.0,0.0,4.116319444444443,1215.9172994289102,184302.0
248,tx_brate,0.0,0.06501068848548734,0.1069108822746063,2.9785081239770483,6.96
248,tx_pckts,1.0,13.251515727327918,20.16583689893064,210.94467794526778,234.5
248,dl_buffer,0.0,0.0,4.116319444444443,1215.9172994289102,184302.0
249,tx_brate,0.0,0.06501068848548734,0.09905054927374557,2.996914897806541,6.96
249,tx_pckts,1.0,13.251515727327918,19.634277213000917,211.52327857911357,234.5
249,dl_buffer,0.0,0.0,4.116319444444443,879.6877452572828,184302.0
250,tx_brate,0.0,0.06474628271611974,0.09905054927374557,2.996914897806541,6.96
250,tx_pckts,1.0,13.201773947921183,19.634277213000917,211.52327857911357,234.5
250,dl_buffer,0.0,0.0,4.116319444444443,548.1982389426735,184302.0
251,tx_brate,0.0,0.06501015314703423,0.09905054927374557,2.996914897806541,6.96
251,tx_pckts,1.0,13.251416216358031,19.634277213000917,211.52327857911357,234.5
251,dl_buffer,0.0,0.0,4.116319444444443,221.40250883812718,184302.0
252,tx_brate,0.0,0.06501015314703423,0.09905054927374557,2.996914897806541,6.96
252,tx_pckts,1.0,13.251416216358031,19.634277213000917,211.52327857911357,234.5
252,dl_buffer,0.0,0.0,4.116319444444443,221.40250883812718,184302.0
253,tx_brate,0.0,0.06527288669948449,0.1068267880299977,3.0150304736753806,6.96
253,tx_pckts,1.0,13.300844007373948,20.16006616411959,212.09268834935398,234.5
253,dl_buffer,0.0,0.0,4.116319444444443,542.4982168398775,184302.0
254,tx_brate,0.0,0.06555434614034253,0.1068267880299977,3.0150304736753806,6.96
254,tx_pckts,1.0,13.351342001681731,20.16006616411959,212.09268834935398,234.5
254,dl_buffer,0.0,0.0,4.116319444444443,216.89829276147145,184302.0
255,tx_brate,0.0,0.06555434614034253,0.10680775948728377,3.0150304736753806,6.96
255,tx_pckts,1.0,13.351342001681731,20.158894393156956,212.09268834935398,234.5
255,dl_buffer,0.0,0.0,4.116319444444443,216.89829276147145,184302.0
256,tx_brate,0.0,0.06555434614034253,0.10680775948728377,3.0150304736753806,6.96
256,tx_pckts,1.0,13.351342001681731,20.158894393156956,212.09268834935398,234.5
256,dl_buffer,0.0,0.0,4.116319444444443,216.89829276147145,184302.0
257,tx_brate,0.0,0.06555434614034253,0.10678903149754282,3.0150304736753806,6.96
257,tx_pckts,1.0,13.351342001681731,20.160137711850773,212.65182447128223,234.5
257,dl_buffer,0.0,0.0,4.116319444444443,534.1333315301315,184302.0
258,tx_brate,0.0,0.06555434614034253,0.10678903149754282,3.0150304736753806,6.96
258,tx_pckts,1.0,13.301777407178728,20.160137711850773,212.65182447128223,234.5
258,dl_buffer,0.0,0.0,4.116319444444443,534.1333315301315,184302.0
259,tx_brate,0.0,0.06555434614034253,0.1067705851311235,3.0150304736753806,6.96
259,tx_pckts,1.0,13.301777407178728,20.67147391224909,212.10296567114946,234.5
259,dl_buffer,0.0,0.0,4.116319444444443,534.1333315301315,184302.0
260,tx_brate,0.0,0.06555434614034253,0.1067705851311235,3.0150304736753806,6.96
260,tx_pckts,1.0,13.301777407178728,20.67147391224909,212.10296567114946,234.5
260,dl_buffer,0.0,0.0,4.116319444444443,534.1333315301315,184302.0
261,tx_brate,0.0,0.06582882065224772,0.1067645066592368,3.032570146687061,6.96
261,tx_pckts,1.0,13.35234674885546,20.67268274979149,212.6521642739335,234.5
261,dl_buffer,0.0,0.0,4.116319444444443,217.97465659325326,184302.0
262,tx_brate,0.0,0.0655567791297882,0.1067645066592368,3.032570146687061,6.96
262,tx_pckts,1.0,13.302225522665024,20.67268274979149,212.6521642739335,234.5
262,dl_buffer,0.0,0.0,4.116319444444443,217.97465659325326,184302.0
263,tx_brate,0.0,0.06584663503308331,0.10674723567586344,3.032570146687061,6.96
263,tx_pckts,1.0,13.353431331427723,20.671721039699143,212.6521642739335,234.5
263,dl_buffer,0.0,0.0,4.116319444444443,217.97465659325326,184302.0
264,tx_brate,0.0,0.06584663503308331,0.10674723567586344,3.032570146687061,6.96
264,tx_pckts,1.0,13.353431331427723,20.671721039699143,212.6521642739335,234.5
264,dl_buffer,0.0,0.0,4.116319444444443,217.97465659325326,184302.0
265,tx_brate,0.0,0.06611652380050177,0.10674723567586344,3.0498640073660126,6.96
265,tx_pckts,1.0,13.403172880639309,20.671721039699143,213.19431834175543,234.5
265,dl_buffer,0.0,0.0,4.116319444444443,217.97465659325326,184302.0
266,tx_brate,0.0,0.06584862968323445,0.10674723567586344,3.0498640073660126,6.96
266,tx_pckts,1.0,13.353810028844125,20.671721039699143,213.19431834175543,234.5
266,dl_buffer,0.0,0.0,4.116319444444443,217.97465659325326,184302.0
267,tx_brate,0.0,0.06584862968323445,0.10674723567586344,3.0498640073660126,6.96
267,tx_pckts,1.0,13.353810028844125,20.671721039699143,213.19431834175543,234.5
267,dl_buffer,0.0,0.0,4.116319444444443,217.97465659325326,184302.0
268,tx_brate,0.0,0.06584862968323445,0.10674723567586344,3.0498640073660126,6.96
268,tx_pckts,1.0,13.353810028844125,20.671721039699143,213.19431834175543,234.5
268,dl_buffer,0.0,0.0,4.116319444444443,217.97465659325326,184302.0
269,tx_brate,0.0,0.06584862968323445,0.10674193822408883,3.066881750145308,6.96
269,tx_pckts,1.0,13.353810028844125,20.672872189386652,213.72711578234248,234.5
269,dl_buffer,0.0,0.0,4.116319444444443,518.1460320227224,184302.0
270,tx_brate,0.0,0.06558471629206071,0.10674193822408883,3.066881750145308,6.96
270,tx_pckts,1.0,13.305175303034897,20.672872189386652,213.72711578234248,234.5
270,dl_buffer,0.0,0.0,4.116319444444443,518.1460320227224,184302.0
271,tx_brate,0.0,0.06586562063924649,0.10672546222319154,3.066881750145308,6.96
271,tx_pckts,1.0,13.354896172268669,21.16428122853673,213.20373002035123,234.5
271,dl_buffer,0.0,0.0,4.116319444444443,220.42130342206622,184302.0
272,tx_brate,0.0,0.06586562063924649,0.10672546222319154,3.066881750145308,6.96
272,tx_pckts,1.0,13.354896172268669,21.16428122853673,213.20373002035123,234.5
272,dl_buffer,0.0,0.0,4.116319444444443,220.42130342206622,184302.0
273,tx_brate,0.0,0.06586562063924649,0.1067085478628652,3.066881750145308,6.96
273,tx_pckts,1.0,13.354896172268669,21.165401819960824,213.7274662794844,234.5
273,dl_buffer,0.0,0.0,4.116319444444443,513.31826917375,184302.0
274,tx_brate,0.0,0.0656056474142028,0.1067085478628652,3.050154907237259,6.96
274,tx_pckts,1.0,13.30576516400473,21.165401819960824,213.7274662794844,234.5
274,dl_buffer,0.0,0.0,4.116319444444443,513.31826917375,184302.0
275,tx_brate,0.0,0.06588202813085306,0.10669264377492381,3.050154907237259,6.96
275,tx_pckts,1.0,13.35586889231637,21.164530175199175,213.7274662794844,234.5
275,dl_buffer,0.0,0.0,4.116319444444443,513.31826917375,184302.0
276,tx_brate,0.0,0.06588202813085306,0.10669264377492381,3.050154907237259,6.96
276,tx_pckts,1.0,13.35586889231637,21.164530175199175,213.7274662794844,234.5
276,dl_buffer,0.0,0.0,4.116319444444443,513.31826917375,184302.0
277,tx_brate,0.0,0.06588202813085306,0.09946176215787088,3.066697899207821,6.96
277,tx_pckts,1.0,13.35586889231637,20.679471737763702,214.2447860220175,234.5
277,dl_buffer,0.0,0.0,4.116319444444443,513.31826917375,184302.0
278,tx_brate,0.0,0.06588202813085306,0.09946176215787088,3.066697899207821,6.96
278,tx_pckts,1.0,13.403234567229132,20.679471737763702,213.73278546983389,234.5
278,dl_buffer,0.0,0.0,4.116319444444443,221.64470979469252,184302.0
279,tx_brate,0.0,0.06588202813085306,0.09946176215787088,3.066697899207821,6.96
279,tx_pckts,1.0,13.403234567229132,20.679471737763702,213.73278546983389,234.5
279,dl_buffer,0.0,0.0,4.116319444444443,221.64470979469252,184302.0
280,tx_brate,0.0,0.06588202813085306,0.09946176215787088,3.066697899207821,6.96
280,tx_pckts,1.0,13.403234567229132,20.679471737763702,213.73278546983389,234.5
280,dl_buffer,0.0,0.0,4.116319444444443,221.64470979469252,184302.0
281,tx_brate,0.0,0.06611940703815108,0.10657289381135168,3.066697899207821,6.96
281,tx_pckts,1.0,13.450202280207089,21.157473129624385,214.2427033675253,234.5
281,dl_buffer,0.0,0.0,4.116319444444443,506.4392529146531,184302.0
282,tx_brate,0.0,0.06611940703815108,0.10657289381135168,3.050446705401653,6.96
282,tx_pckts,1.0,13.402487950704394,21.157473129624385,214.2427033675253,234.5
282,dl_buffer,0.0,0.0,4.116319444444443,506.4392529146531,184302.0
283,tx_brate,0.0,0.06638708334708446,0.10655794030178224,3.0342718240943802,6.96
283,tx_pckts,1.0,13.45119647610522,21.632272693257534,214.2427033675253,234.5
283,dl_buffer,0.0,0.0,4.116319444444443,506.4392529146531,184302.0
284,tx_brate,0.0,0.06638708334708446,0.10655794030178224,3.0342718240943802,6.96
284,tx_pckts,1.0,13.45119647610522,21.632272693257534,214.2427033675253,234.5
284,dl_buffer,0.0,0.0,4.116319444444443,506.4392529146531,184302.0
285,tx_brate,0.0,0.06638708334708446,0.10654258614431611,3.0342718240943802,6.96
285,tx_pckts,1.0,13.45119647610522,21.63331347888566,214.74318911321637,234.5
285,dl_buffer,0.0,0.0,4.116319444444443,787.9086049028431,184302.0
286,tx_brate,0.0,0.06638708334708446,0.10654258614431611,3.0342718240943802,6.96
286,tx_pckts,1.0,13.45119647610522,21.63331347888566,214.74318911321637,234.5
286,dl_buffer,0.0,0.0,4.116319444444443,504.65401923743144,184302.0
287,tx_brate,0.0,0.06638708334708446,0.09960914471782964,3.0342718240943802,6.96
287,tx_pckts,1.0,13.45119647610522,21.163182095020023,214.74318911321637,234.5
287,dl_buffer,0.0,0.0,4.116319444444443,225.00369059306723,184302.0
288,tx_brate,0.0,0.06638708334708446,0.09960914471782964,3.0342718240943802,6.96
288,tx_pckts,1.0,13.45119647610522,21.163182095020023,214.74318911321637,234.5
288,dl_buffer,0.0,0.0,4.116319444444443,225.00369059306723,184302.0
289,tx_brate,0.0,0.06638708334708446,0.09960914471782964,3.0501420776496735,6.96
289,tx_pckts,1.0,13.45119647610522,21.163182095020023,215.23889778177931,234.5
289,dl_buffer,0.0,0.0,4.116319444444443,500.3664293301791,184302.0
290,tx_brate,0.0,0.06615791647461385,0.09960914471782964,3.0501420776496735,6.96
290,tx_pckts,1.0,13.404786867460107,21.163182095020023,215.23889778177931,234.5
290,dl_buffer,0.0,0.0,4.116319444444443,500.3664293301791,184302.0
291,tx_brate,0.0,0.06615791647461385,0.10646887842168035,3.0501420776496735,6.96
291,tx_pckts,1.0,13.404786867460107,21.62716855689202,215.23889778177931,234.5
291,dl_buffer,0.0,0.0,4.116319444444443,500.3664293301791,184302.0
292,tx_brate,0.0,0.06615791647461385,0.10646887842168035,3.0501420776496735,6.96
292,tx_pckts,1.0,13.404786867460107,21.62716855689202,215.23889778177931,234.5
292,dl_buffer,0.0,0.0,4.116319444444443,500.3664293301791,184302.0
293,tx_brate,0.0,0.06615791647461385,0.11329721746327087,3.0657640010891374,6.96
293,tx_pckts,1.0,13.404786867460107,22.089031510929363,215.72567729453118,234.5
293,dl_buffer,0.0,0.0,4.116319444444443,500.3664293301791,184302.0
294,tx_brate,0.0,0.06590061395569369,0.11329721746327087,3.0657640010891374,6.96
294,tx_pckts,1.0,13.356894696235697,22.089031510929363,215.24472158527564,234.5
294,dl_buffer,0.0,0.0,4.116319444444443,229.48321878329557,184302.0
295,tx_brate,0.0,0.06590061395569369,0.10648031657530395,3.0657640010891374,6.96
295,tx_pckts,1.0,13.356894696235697,22.089031510929363,214.76592425087327,234.5
295,dl_buffer,0.0,0.0,4.116319444444443,229.48321878329557,184302.0
296,tx_brate,0.0,0.06590061395569369,0.10648031657530395,3.0657640010891374,6.96
296,tx_pckts,1.0,13.356894696235697,22.089031510929363,214.76592425087327,234.5
296,dl_buffer,0.0,0.0,4.116319444444443,229.48321878329557,184302.0
297,tx_brate,0.0,0.06614069624767117,0.10648031657530395,3.0657640010891374,6.96
297,tx_pckts,1.0,13.404430253662273,21.635454743793108,215.24609162929548,234.5
297,dl_buffer,0.0,0.0,4.116319444444443,496.0030586112173,184302.0
298,tx_brate,0.0,0.06614069624767117,0.10648031657530395,3.0503876553511415,6.96
298,tx_pckts,1.0,13.404430253662273,21.635454743793108,215.24609162929548,234.5
298,dl_buffer,0.0,0.0,4.116319444444443,496.0030586112173,184302.0
299,tx_brate,0.0,0.06637863737361824,0.10648031657530395,3.0503876553511415,6.96
299,tx_pckts,1.0,13.450534043083032,21.635454743793108,215.24609162929548,234.5
299,dl_buffer,0.0,0.0,4.116319444444443,496.0030586112173,184302.0
300,tx_brate,0.0,0.06637863737361824,0.10648031657530395,3.0503876553511415,6.96
300,tx_pckts,1.0,13.450534043083032,21.635454743793108,215.24609162929548,234.5
300,dl_buffer,0.0,0.0,4.116319444444443,496.0030586112173,184302.0
301,tx_brate,0.0,0.06637863737361824,0.11308289858566829,3.0503876553511415,6.96
301,tx_pckts,1.0,13.450534043083032,21.186961791844514,215.7208553718994,234.5
301,dl_buffer,0.0,0.0,4.116319444444443,761.2659876854868,184302.0
302,tx_brate,0.0,0.06612864167411556,0.11308289858566829,3.035229793652585,6.96
302,tx_pckts,1.0,13.40591789762378,21.186961791844514,215.7208553718994,234.5
302,dl_buffer,0.0,0.0,4.116319444444443,761.2659876854868,184302.0
303,tx_brate,0.0,0.06612864167411556,0.11308289858566829,3.035229793652585,6.96
303,tx_pckts,1.0,13.40591789762378,21.186961791844514,215.7208553718994,234.5
303,dl_buffer,0.0,0.0,4.116319444444443,761.2659876854868,184302.0
304,tx_brate,0.0,0.06612864167411556,0.11308289858566829,3.035229793652585,6.96
304,tx_pckts,1.0,13.40591789762378,21.186961791844514,215.7208553718994,234.5
304,dl_buffer,0.0,0.0,4.116319444444443,761.2659876854868,184302.0
305,tx_brate,0.0,0.06612864167411556,0.11960839562298362,3.0502212344792943,6.96
305,tx_pckts,1.0,13.40591789762378,21.63161000607369,216.18936722211345,234.5
305,dl_buffer,0.0,0.0,4.116319444444443,1023.6887887716157,184302.0
306,tx_brate,0.0,0.06612864167411556,0.11960839562298362,3.0502212344792943,6.96
306,tx_pckts,1.0,13.360909712406373,21.63161000607369,216.18936722211345,234.5
306,dl_buffer,0.0,0.0,4.116319444444443,1023.6887887716157,184302.0
307,tx_brate,0.0,0.06612864167411556,0.11959539559311844,3.035341253648464,6.96
307,tx_pckts,1.0,13.360909712406373,21.63080987864089,216.18936722211345,234.5
307,dl_buffer,0.0,0.0,4.116319444444443,1023.6887887716157,184302.0
308,tx_brate,0.0,0.06612864167411556,0.11959539559311844,3.035341253648464,6.96
308,tx_pckts,1.0,13.360909712406373,21.63080987864089,216.18936722211345,234.5
308,dl_buffer,0.0,0.0,4.116319444444443,1023.6887887716157,184302.0
309,tx_brate,0.0,0.06612864167411556,0.11959539559311844,3.020525451769657,6.96
309,tx_pckts,1.0,13.360909712406373,21.63080987864089,216.65178317828475,234.5
309,dl_buffer,0.0,0.0,4.116319444444443,1283.3651381437,184302.0
310,tx_brate,0.0,0.06587100581314675,0.11959539559311844,3.005773278788641,6.96
310,tx_pckts,1.0,13.316483938273581,21.63080987864089,216.65178317828475,234.5
310,dl_buffer,0.0,0.0,4.116319444444443,1283.3651381437,184302.0
311,tx_brate,0.0,0.06587100581314675,0.11330010164670411,2.9910707401994467,6.96
311,tx_pckts,1.0,13.316483938273581,21.63080987864089,216.65178317828475,234.5
311,dl_buffer,0.0,0.0,4.116319444444443,1283.3651381437,184302.0
312,tx_brate,0.0,0.06587100581314675,0.11330010164670411,2.9910707401994467,6.96
312,tx_pckts,1.0,13.316483938273581,21.63080987864089,216.65178317828475,234.5
312,dl_buffer,0.0,0.0,4.116319444444443,1283.3651381437,184302.0
313,tx_brate,0.0,0.06587100581314675,0.11330010164670411,2.9764308083682356,6.96
313,tx_pckts,1.0,13.316483938273581,21.63080987864089,217.10825805039576,234.5
313,dl_buffer,0.0,0.0,4.116319444444443,1540.3842499166358,184302.0
314,tx_brate,0.0,0.06563010437557436,0.11330010164670411,2.9618529534989944,6.96
314,tx_pckts,1.0,13.272624038922912,21.63080987864089,217.10825805039576,234.5
314,dl_buffer,0.0,0.0,4.116319444444443,1540.3842499166358,184302.0
315,tx_brate,0.0,0.06587031251001844,0.11330010164670411,2.947336652482691,6.96
315,tx_pckts,1.0,13.316369308422495,21.63080987864089,217.10825805039576,234.5
315,dl_buffer,0.0,0.0,4.116319444444443,1540.3842499166358,184302.0
316,tx_brate,0.0,0.06587031251001844,0.11330010164670411,2.947336652482691,6.96
316,tx_pckts,1.0,13.316369308422495,21.63080987864089,217.10825805039576,234.5
316,dl_buffer,0.0,0.0,4.116319444444443,1540.3842499166358,184302.0
317,tx_brate,0.0,0.06610951067101441,0.11330010164670411,2.932881388785333,6.96
317,tx_pckts,1.0,13.316369308422495,21.63080987864089,217.55894245935625,234.5
317,dl_buffer,0.0,0.0,4.116319444444443,1796.216931494475,184302.0
318,tx_brate,0.0,0.06587164804657519,0.11330010164670411,2.9184866523383564,6.96
318,tx_pckts,1.0,13.273061831572942,21.63080987864089,217.55894245935625,234.5
318,dl_buffer,0.0,0.0,4.116319444444443,1796.216931494475,184302.0
319,tx_brate,0.0,0.06587164804657519,0.11330010164670411,2.904151939431289,6.96
319,tx_pckts,1.0,13.31625755001464,21.63080987864089,217.55894245935625,234.5
319,dl_buffer,0.0,0.0,4.116319444444443,1796.216931494475,184302.0
320,tx_brate,0.0,0.06587164804657519,0.11330010164670411,2.904151939431289,6.96
320,tx_pckts,1.0,13.31625755001464,21.63080987864089,217.55894245935625,234.5
320,dl_buffer,0.0,0.0,4.116319444444443,1796.216931494475,184302.0
321,tx_brate,0.0,0.06587164804657519,0.10742898916321128,2.8898767526066256,6.96
321,tx_pckts,1.0,13.31625755001464,21.205263675267958,218.00398137239438,234.5
321,dl_buffer,0.0,0.0,4.116319444444443,2050.8405692845213,184302.0
322,tx_brate,0.0,0.06564897180620498,0.10742898916321128,2.875648470159177,6.96
322,tx_pckts,1.0,13.274375307467164,21.205263675267958,218.00398137239438,234.5
322,dl_buffer,0.0,0.0,4.116319444444443,2050.8405692845213,184302.0
323,tx_brate,0.0,0.06588303847143223,0.11321159455516337,2.861490685305499,6.96
323,tx_pckts,1.0,13.274375307467164,21.62913449527816,218.00398137239438,234.5
323,dl_buffer,0.0,0.0,4.116319444444443,2050.8405692845213,184302.0
324,tx_brate,0.0,0.06588303847143223,0.11321159455516337,2.861490685305499,6.96
324,tx_pckts,1.0,13.274375307467164,21.62913449527816,218.00398137239438,234.5
324,dl_buffer,0.0,0.0,4.116319444444443,2050.8405692845213,184302.0
325,tx_brate,0.0,0.06588303847143223,0.1131897123755017,2.861490685305499,6.96
325,tx_pckts,1.0,13.274375307467164,21.62924788334261,218.4426456892088,234.5
325,dl_buffer,0.0,0.0,4.116319444444443,2304.235586431151,184302.0
326,tx_brate,0.0,0.0661151445114439,0.1131897123755017,2.861490685305499,6.96
326,tx_pckts,1.0,13.316681984096602,21.62924788334261,218.4426456892088,234.5
326,dl_buffer,0.0,0.0,4.116319444444443,2304.235586431151,184302.0
327,tx_brate,0.0,0.0661151445114439,0.11317887770622381,2.861490685305499,6.96
327,tx_pckts,1.0,13.316681984096602,21.62853724099685,218.00971259892975,234.5
327,dl_buffer,0.0,0.0,4.116319444444443,2049.967378749709,184302.0
328,tx_brate,0.0,0.0661151445114439,0.11317887770622381,2.861490685305499,6.96
328,tx_pckts,1.0,13.316681984096602,21.62853724099685,218.00971259892975,234.5
328,dl_buffer,0.0,0.0,4.116319444444443,2049.967378749709,184302.0
329,tx_brate,0.0,0.0661151445114439,0.11887210691354368,2.8753844436378375,6.96
329,tx_pckts,1.0,13.316681984096602,21.62853724099685,218.44387165640865,234.5
329,dl_buffer,0.0,0.0,4.116319444444443,2049.967378749709,184302.0
330,tx_brate,0.0,0.0661151445114439,0.11887210691354368,2.8615248949490426,6.96
330,tx_pckts,1.0,13.316681984096602,21.62853724099685,218.44387165640865,234.5
330,dl_buffer,0.0,0.0,4.116319444444443,2049.967378749709,184302.0
331,tx_brate,0.0,0.0661151445114439,0.11887210691354368,2.847721051723489,6.96
331,tx_pckts,1.0,13.316681984096602,22.042935603971216,218.44387165640865,234.5
331,dl_buffer,0.0,0.0,4.116319444444443,2049.967378749709,184302.0
332,tx_brate,0.0,0.0661151445114439,0.11887210691354368,2.847721051723489,6.96
332,tx_pckts,1.0,13.316681984096602,22.042935603971216,218.44387165640865,234.5
332,dl_buffer,0.0,0.0,4.116319444444443,2049.967378749709,184302.0
333,tx_brate,0.0,0.0661151445114439,0.11887210691354368,2.833972468857505,6.96
333,tx_pckts,1.0,13.316681984096602,22.042935603971216,218.8719535422338,234.5
333,dl_buffer,0.0,0.0,4.116319444444443,2299.8460942544216,184302.0
334,tx_brate,0.0,0.0661151445114439,0.11887210691354368,2.8202787065537818,6.96
334,tx_pckts,1.0,13.274624163390442,22.042935603971216,218.8719535422338,234.66666666666666
334,dl_buffer,0.0,0.0,4.116319444444443,2299.8460942544216,184302.0
335,tx_brate,0.0,0.0661151445114439,0.11339663263512949,2.8066284662011776,6.96
335,tx_pckts,1.0,13.316516445462675,21.63196324436749,218.8719535422338,234.66666666666666
335,dl_buffer,0.0,0.0,4.116319444444443,2299.8460942544216,184302.0
336,tx_brate,0.0,0.0661151445114439,0.11339663263512949,2.8066284662011776,6.96
336,tx_pckts,1.0,13.316516445462675,21.63196324436749,218.8719535422338,234.83333333333334
336,dl_buffer,0.0,0.0,4.116319444444443,2299.8460942544216,184302.0
337,tx_brate,0.0,0.0661151445114439,0.11339663263512949,2.7930322251710202,6.96
337,tx_pckts,1.0,13.316516445462675,21.224082274718352,219.29640611827688,234.83333333333334
337,dl_buffer,0.0,0.0,4.116319444444443,2547.292815578416,184302.0
338,tx_brate,0.0,0.06589118411274139,0.11339663263512949,2.7794895587533412,6.96
338,tx_pckts,1.0,13.276581719608973,21.224082274718352,219.29640611827688,234.83333333333334
338,dl_buffer,0.0,0.0,4.116319444444443,2547.292815578416,184302.0
339,tx_brate,0.0,0.0661145517824687,0.11339663263512949,2.7660000472224895,6.96
339,tx_pckts,1.0,13.276581719608973,21.224082274718352,219.29640611827688,234.83333333333334
339,dl_buffer,0.0,0.0,4.116319444444443,2547.292815578416,184302.0
340,tx_brate,0.0,0.0661145517824687,0.11339663263512949,2.7660000472224895,6.96
340,tx_pckts,1.0,13.276581719608973,21.224082274718352,219.29640611827688,234.83333333333334
340,dl_buffer,0.0,0.0,4.116319444444443,2547.292815578416,184302.0
341,tx_brate,0.0,0.0661145517824687,0.11339663263512949,2.75256327575952,6.96
341,tx_pckts,1.0,13.276581719608973,21.224082274718352,219.71665782854214,234.83333333333334
341,dl_buffer,0.0,0.0,4.116319444444443,2793.4930144433374,184302.0
342,tx_brate,0.0,0.06589321428736178,0.11339663263512949,2.7391788343760872,6.96
342,tx_pckts,1.0,13.276581719608973,21.224082274718352,219.71665782854214,234.83333333333334
342,dl_buffer,0.0,0.0,4.116319444444443,2793.4930144433374,184302.0
343,tx_brate,0.0,0.06589321428736178,0.10820578677087954,2.725836258060999,6.96
343,tx_pckts,1.0,13.276581719608973,21.224082274718352,219.71665782854214,235.0
343,dl_buffer,0.0,0.0,4.116319444444443,2793.4930144433374,184302.0
344,tx_brate,0.0,0.06589321428736178,0.10820578677087954,2.725836258060999,6.96
344,tx_pckts,1.0,13.276581719608973,21.224082274718352,219.71665782854214,235.0
344,dl_buffer,0.0,0.0,4.116319444444443,2793.4930144433374,184302.0
345,tx_brate,0.0,0.06589321428736178,0.10820578677087954,2.7125452447331457,6.96
345,tx_pckts,1.0,13.315808785005979,20.82405030974527,220.13233467608887,235.0
345,dl_buffer,0.0,0.0,4.116319444444443,3038.4375699883612,184302.0
346,tx_brate,0.0,0.06568449545811421,0.10820578677087954,2.699305398157984,6.96
346,tx_pckts,1.0,13.277573681674406,20.82405030974527,220.13233467608887,235.0
346,dl_buffer,0.0,0.0,4.116319444444443,3038.4375699883612,184302.0
347,tx_brate,0.0,0.06568449545811421,0.10819673201069896,2.686116309298586,6.96
347,tx_pckts,1.0,13.277573681674406,20.8233984129332,220.13233467608887,235.0
347,dl_buffer,0.0,0.0,4.116319444444443,3038.4375699883612,184302.0
348,tx_brate,0.0,0.06568449545811421,0.10819673201069896,2.686116309298586,6.96
348,tx_pckts,1.0,13.277573681674406,20.8233984129332,220.13233467608887,235.0
348,dl_buffer,0.0,0.0,4.116319444444443,3038.4375699883612,184302.0
349,tx_brate,0.0,0.06589194201796225,0.10819673201069896,2.6729776083512973,6.96
349,tx_pckts,1.0,13.277573681674406,20.8233984129332,220.54399449908627,235.0
349,dl_buffer,0.0,0.0,4.116319444444443,3282.119145296546,184302.0
350,tx_brate,0.0,0.06568562850722716,0.10819673201069896,2.659888912506648,6.96
350,tx_pckts,1.0,13.239776683908879,20.8233984129332,220.54399449908627,235.0
350,dl_buffer,0.0,0.0,4.116319444444443,3282.119145296546,184302.0
351,tx_brate,0.0,0.06568562850722716,0.10819673201069896,2.6468498432955374,6.96
351,tx_pckts,1.0,13.239776683908879,20.8233984129332,220.54399449908627,235.0
351,dl_buffer,0.0,0.0,4.116319444444443,3282.119145296546,184302.0
352,tx_brate,0.0,0.06568562850722716,0.10819673201069896,2.6468498432955374,6.96
352,tx_pckts,1.0,13.239776683908879,20.8233984129332,220.54399449908627,235.0
352,dl_buffer,0.0,0.0,4.116319444444443,3282.119145296546,184302.0
353,tx_brate,0.0,0.06568562850722716,0.10818579881295991,2.633869165875056,6.96
353,tx_pckts,1.0,13.239776683908879,20.824117711018168,220.9502190865797,235.0
353,dl_buffer,0.0,0.0,4.116319444444443,3524.5320300724993,184302.0
354,tx_brate,0.0,0.06548166653391865,0.10818579881295991,2.633869165875056,6.96
354,tx_pckts,1.0,13.202405302630662,20.824117711018168,220.9502190865797,235.0
354,dl_buffer,0.0,0.0,4.116319444444443,3524.5320300724993,184302.0
355,tx_brate,0.0,0.06548166653391865,0.10817734451968636,2.633869165875056,6.96
355,tx_pckts,1.0,13.202405302630662,20.82349277382175,220.9502190865797,235.0
355,dl_buffer,0.0,0.0,4.116319444444443,3524.5320300724993,184302.0
356,tx_brate,0.0,0.06548166653391865,0.10817734451968636,2.633869165875056,6.96
356,tx_pckts,1.0,13.202405302630662,20.82349277382175,220.9502190865797,235.0
356,dl_buffer,0.0,0.0,4.116319444444443,3524.5320300724993,184302.0
357,tx_brate,0.0,0.06548166653391865,0.1081714152742482,2.646678788729838,6.96
357,tx_pckts,1.0,13.202405302630662,20.82419909874163,221.35187676958216,235.0
357,dl_buffer,0.0,0.0,4.116319444444443,3524.5320300724993,184302.0
358,tx_brate,0.0,0.06528001004939625,0.1081714152742482,2.646678788729838,6.96
358,tx_pckts,1.0,13.165451229792183,20.82419909874163,221.35187676958216,235.0
358,dl_buffer,0.0,0.0,4.116319444444443,3284.322577067207,184302.0
359,tx_brate,0.0,0.06549008327233556,0.11295237613312609,2.633939461714782,6.96
359,tx_pckts,1.0,13.20304876732385,21.211883317623922,221.35187676958216,235.0
359,dl_buffer,0.0,0.0,4.116319444444443,3284.322577067207,184302.0
360,tx_brate,0.0,0.06549008327233556,0.11295237613312609,2.633939461714782,6.96
360,tx_pckts,1.0,13.20304876732385,21.211883317623922,221.35187676958216,235.0
360,dl_buffer,0.0,0.0,4.116319444444443,3284.322577067207,184302.0
361,tx_brate,0.0,0.06549008327233556,0.11295237613312609,2.621247189311205,6.96
361,tx_pckts,1.0,13.20304876732385,21.211883317623922,221.74906523152583,235.0
361,dl_buffer,0.0,0.0,4.116319444444443,3520.4710907078156,184302.0
362,tx_brate,0.0,0.06528180395492227,0.11295237613312609,2.6086016258303673,6.96
362,tx_pckts,1.0,13.165785517290768,21.211883317623922,221.74906523152583,235.0
362,dl_buffer,0.0,0.0,4.116319444444443,3520.4710907078156,184302.0
363,tx_brate,0.0,0.06528180395492227,0.10828573425812527,2.595993882411174,6.96
363,tx_pckts,1.0,13.165785517290768,20.827152074187016,221.74906523152583,235.0
363,dl_buffer,0.0,0.0,4.116319444444443,3520.4710907078156,184302.0
364,tx_brate,0.0,0.06528180395492227,0.10828573425812527,2.595993882411174,6.96
364,tx_pckts,1.0,13.165785517290768,20.827152074187016,221.74906523152583,235.0
364,dl_buffer,0.0,0.0,4.116319444444443,3520.4710907078156,184302.0
365,tx_brate,0.0,0.06528180395492227,0.11287976691064898,2.583440582204302,6.96
365,tx_pckts,1.0,13.165785517290768,20.827152074187016,222.14258752155197,235.0
365,dl_buffer,0.0,0.0,4.116319444444443,3754.5205464994783,184302.0
366,tx_brate,0.0,0.06548790944925804,0.11287976691064898,2.5709329768598534,6.96
366,tx_pckts,1.0,13.20199693312352,20.827152074187016,222.14258752155197,235.0
366,dl_buffer,0.0,0.0,4.116319444444443,3754.5205464994783,184302.0
367,tx_brate,0.0,0.06569326774789615,0.11287976691064898,2.5584707355217016,6.96
367,tx_pckts,1.0,13.238805195469421,21.58629028461091,222.14258752155197,235.0
367,dl_buffer,0.0,0.0,4.116319444444443,3754.5205464994783,184302.0
368,tx_brate,0.0,0.06569326774789615,0.11287976691064898,2.5584707355217016,6.96
368,tx_pckts,1.0,13.238805195469421,21.58629028461091,222.14258752155197,235.0
368,dl_buffer,0.0,0.0,4.116319444444443,3754.5205464994783,184302.0
369,tx_brate,0.0,0.06569326774789615,0.10837203188754987,2.5584707355217016,6.96
369,tx_pckts,1.0,13.238805195469421,21.207824392269114,222.53044366048343,235.0
369,dl_buffer,0.0,0.0,4.116319444444443,3986.5289651943904,184302.0
370,tx_brate,0.0,0.06569326774789615,0.10837203188754987,2.5460902982776186,6.96
370,tx_pckts,1.0,13.202356326929515,21.207824392269114,222.53044366048343,235.0
370,dl_buffer,0.0,0.0,4.116319444444443,3986.5289651943904,184302.0
371,tx_brate,0.0,0.06569326774789615,0.10836460359619061,2.533754268204981,6.96
371,tx_pckts,1.0,13.202356326929515,21.20725205085073,222.53044366048343,235.0
371,dl_buffer,0.0,0.0,4.116319444444443,3986.5289651943904,184302.0
372,tx_brate,0.0,0.06569326774789615,0.10836460359619061,2.533754268204981,6.96
372,tx_pckts,1.0,13.202356326929515,21.20725205085073,222.53044366048343,235.0
372,dl_buffer,0.0,0.0,4.116319444444443,3986.5289651943904,184302.0
373,tx_brate,0.0,0.06569326774789615,0.10835726761774384,2.533754268204981,6.96
373,tx_pckts,1.0,13.202356326929515,21.207910268510528,222.9141268731585,235.0
373,dl_buffer,0.0,0.0,4.116319444444443,4217.401542748098,184302.0
374,tx_brate,0.0,0.0654999170312729,0.10835726761774384,2.521506275157887,6.96
374,tx_pckts,1.0,13.166297078260541,21.207910268510528,222.9141268731585,235.0
374,dl_buffer,0.0,0.0,4.116319444444443,4217.401542748098,184302.0
375,tx_brate,0.0,0.06569286937908846,0.10835726761774384,2.521506275157887,6.96
375,tx_pckts,1.0,13.166297078260541,20.83346241658689,222.9141268731585,235.0
375,dl_buffer,0.0,0.0,4.116319444444443,4217.401542748098,184302.0
376,tx_brate,0.0,0.06569286937908846,0.10835726761774384,2.521506275157887,6.96
376,tx_pckts,1.0,13.166297078260541,20.83346241658689,222.9141268731585,235.0
376,dl_buffer,0.0,0.0,4.116319444444443,4217.401542748098,184302.0
377,tx_brate,0.0,0.06588533344235266,0.11271893891741619,2.5336342353256165,6.96
377,tx_pckts,1.0,13.201525253067977,21.205953716089716,223.29439134602856,235.0
377,dl_buffer,0.0,0.0,4.116319444444443,4446.315943801626,184302.0
378,tx_brate,0.0,0.0656862998294165,0.11271893891741619,2.5215238942585736,6.96
378,tx_pckts,1.0,13.165851445475933,21.205953716089716,223.29439134602856,235.0
378,dl_buffer,0.0,0.0,4.116319444444443,4446.315943801626,184302.0
379,tx_brate,0.0,0.0656862998294165,0.11705022215274098,2.5215238942585736,6.96
379,tx_pckts,1.0,13.165851445475933,21.57655078822473,223.29439134602856,235.0
379,dl_buffer,0.0,0.0,4.116319444444443,4446.315943801626,184302.0
380,tx_brate,0.0,0.0656862998294165,0.11705022215274098,2.5215238942585736,6.96
380,tx_pckts,1.0,13.165851445475933,21.57655078822473,223.29439134602856,235.0
380,dl_buffer,0.0,0.0,4.116319444444443,4446.315943801626,184302.0
381,tx_brate,0.0,0.0656862998294165,0.11705022215274098,2.5335166961659707,6.96
381,tx_pckts,1.0,13.165851445475933,21.57655078822473,223.66999274005778,235.0
381,dl_buffer,0.0,0.0,4.116319444444443,4673.32441684775,184302.0
382,tx_brate,0.0,0.06548175162256903,0.11705022215274098,2.5335166961659707,6.96
382,tx_pckts,1.0,13.129900969448489,21.57655078822473,223.66999274005778,235.0
382,dl_buffer,0.0,0.0,4.116319444444443,4673.32441684775,184302.0
383,tx_brate,0.0,0.06548175162256903,0.12135743846084465,2.5335166961659707,6.96
383,tx_pckts,1.0,13.129900969448489,21.943985503356682,223.66999274005778,235.0
383,dl_buffer,0.0,0.0,4.116319444444443,4673.32441684775,184302.0
384,tx_brate,0.0,0.06548175162256903,0.12135743846084465,2.5335166961659707,6.96
384,tx_pckts,1.0,13.129900969448489,21.943985503356682,223.66999274005778,235.0
384,dl_buffer,0.0,0.0,4.116319444444443,4673.32441684775,184302.0
385,tx_brate,0.0,0.06548175162256903,0.1170595258296482,2.545377339822923,6.96
385,tx_pckts,1.0,13.129900969448489,21.57845494374439,224.04103386574053,235.0
385,dl_buffer,0.0,0.0,4.116319444444443,4673.32441684775,184302.0
386,tx_brate,0.0,0.06527930730391869,0.1170595258296482,2.545377339822923,6.96
386,tx_pckts,1.0,13.094319718659774,21.57845494374439,224.04103386574053,235.0
386,dl_buffer,0.0,0.0,4.116319444444443,4673.32441684775,184302.0
387,tx_brate,0.0,0.06527930730391869,0.11705280704837707,2.5335672054331955,6.96
387,tx_pckts,1.0,13.094319718659774,21.577929830949167,224.04103386574053,235.0
387,dl_buffer,0.0,0.0,4.116319444444443,4673.32441684775,184302.0
388,tx_brate,0.0,0.06527930730391869,0.11705280704837707,2.5335672054331955,6.96
388,tx_pckts,1.0,13.094319718659774,21.577929830949167,224.04103386574053,235.0
388,dl_buffer,0.0,0.0,4.116319444444443,4673.32441684775,184302.0
389,tx_brate,0.0,0.06548051108674012,0.11705280704837707,2.521797557632386,6.96
389,tx_pckts,1.0,13.129698723681106,21.577929830949167,224.40887353601153,235.0
389,dl_buffer,0.0,0.0,4.116319444444443,4896.57392344701,184302.0
390,tx_brate,0.0,0.06528015740787003,0.11705280704837707,2.51006812025607,6.96
390,tx_pckts,1.0,13.094483718092393,21.577929830949167,224.40887353601153,235.0
390,dl_buffer,0.0,0.0,4.116319444444443,4896.57392344701,184302.0
391,tx_brate,0.0,0.06528015740787003,0.11286712936352658,2.51006812025607,6.96
391,tx_pckts,1.0,13.129582958078124,21.216248634321598,224.40887353601153,235.0
391,dl_buffer,0.0,0.0,4.116319444444443,4896.57392344701,184302.0
392,tx_brate,0.0,0.06528015740787003,0.11286712936352658,2.51006812025607,6.96
392,tx_pckts,1.0,13.129582958078124,21.216248634321598,224.40887353601153,235.0
392,dl_buffer,0.0,0.0,4.116319444444443,4896.57392344701,184302.0
393,tx_brate,0.0,0.06528015740787003,0.11285996013637371,2.4984183168037255,6.96
393,tx_pckts,1.0,13.164022904644261,21.21685247458469,224.7729555755017,235.0
393,dl_buffer,0.0,0.0,4.116319444444443,5119.479844028593,184302.0
394,tx_brate,0.0,0.06508896883985689,0.11285996013637371,2.486800933466449,6.96
394,tx_pckts,1.0,13.129780280272433,21.21685247458469,224.7729555755017,235.0
394,dl_buffer,0.0,0.0,4.116319444444443,5119.479844028593,184302.0
395,tx_brate,0.0,0.06508896883985689,0.11285360697096807,2.486800933466449,6.96
395,tx_pckts,1.0,13.129780280272433,21.21634189769649,224.7729555755017,235.0
395,dl_buffer,0.0,0.0,4.116319444444443,5119.479844028593,184302.0
396,tx_brate,0.0,0.06508896883985689,0.11285360697096807,2.486800933466449,6.96
396,tx_pckts,1.0,13.129780280272433,21.21634189769649,224.7729555755017,235.0
396,dl_buffer,0.0,0.0,4.116319444444443,5119.479844028593,184302.0
397,tx_brate,0.0,0.06508896883985689,0.1168975657143915,2.4752685060296997,6.96
397,tx_pckts,1.0,13.129780280272433,21.573244385546793,225.13335780140105,235.0
397,dl_buffer,0.0,0.0,4.116319444444443,5341.297191290548,184302.0
398,tx_brate,0.0,0.06489290455030067,0.1168975657143915,2.4752685060296997,6.96
398,tx_pckts,1.0,13.095281780724456,21.573244385546793,225.13335780140105,235.0
398,dl_buffer,0.0,0.0,4.116319444444443,5341.297191290548,184302.0
399,tx_brate,0.0,0.06489290455030067,0.11689141828856166,2.4752685060296997,6.96
399,tx_pckts,1.0,13.095281780724456,21.572747262915517,225.13335780140105,235.0
399,dl_buffer,0.0,0.0,4.116319444444443,5341.297191290548,184302.0
400,tx_brate,0.0,0.06489290455030067,0.11689141828856166,2.4752685060296997,6.96
400,tx_pckts,1.0,13.095281780724456,21.572747262915517,225.13335780140105,235.0
400,dl_buffer,0.0,0.0,4.116319444444443,5341.297191290548,184302.0
401,tx_brate,0.0,0.06489290455030067,0.11688533391617541,2.4752685060296997,6.96
401,tx_pckts,1.0,13.095281780724456,21.572747262915517,225.49014993125508,235.0
401,dl_buffer,0.0,0.0,4.116319444444443,5562.025255331713,184302.0
402,tx_brate,0.0,0.064698811917665,0.11688533391617541,2.463889345638899,6.96
402,tx_pckts,1.0,13.095281780724456,21.572747262915517,225.49014993125508,235.0
402,dl_buffer,0.0,0.0,4.116319444444443,5562.025255331713,184302.0
403,tx_brate,0.0,0.064698811917665,0.11291972972820642,2.4525412354744276,6.96
403,tx_pckts,1.0,13.095281780724456,21.572747262915517,225.49014993125508,235.0
403,dl_buffer,0.0,0.0,4.116319444444443,5562.025255331713,184302.0
404,tx_brate,0.0,0.064698811917665,0.11291972972820642,2.4525412354744276,6.96
404,tx_pckts,1.0,13.095281780724456,21.572747262915517,225.49014993125508,235.0
404,dl_buffer,0.0,0.0,4.116319444444443,5562.025255331713,184302.0
405,tx_brate,0.0,0.06488545609903393,0.11686626820651286,2.463821830503925,6.96
405,tx_pckts,1.0,13.129286321654895,21.920489630746307,225.13958662614195,235.0
405,dl_buffer,0.0,0.0,4.116319444444443,5342.084425728154,184302.0
406,tx_brate,0.0,0.06469330958120247,0.11686626820651286,2.463821830503925,6.96
406,tx_pckts,1.0,13.094895309564139,21.920489630746307,224.79016925629597,235.0
406,dl_buffer,0.0,0.0,4.116319444444443,5123.272409455214,184302.0
407,tx_brate,0.0,0.06469330958120247,0.11292089399402414,2.463821830503925,6.96
407,tx_pckts,1.0,13.129171194313628,21.572457495114136,224.79016925629597,235.0
407,dl_buffer,0.0,0.0,4.116319444444443,4906.238181664409,184302.0
408,tx_brate,0.0,0.06469330958120247,0.11292089399402414,2.463821830503925,6.96
408,tx_pckts,1.0,13.129171194313628,21.572457495114136,224.79016925629597,235.0
408,dl_buffer,0.0,0.0,4.116319444444443,4906.238181664409,184302.0
409,tx_brate,0.0,0.06469330958120247,0.11291548266687264,2.4749920952292066,6.96
409,tx_pckts,1.0,13.129171194313628,21.22659979488479,225.1399414349018,235.0
409,dl_buffer,0.0,0.0,4.116319444444443,4690.298680573365,184302.0
410,tx_brate,0.0,0.0645094935742727,0.11291548266687264,2.4749920952292066,6.96
410,tx_pckts,1.0,13.096249888851252,21.22659979488479,225.1399414349018,235.0
410,dl_buffer,0.0,0.0,4.116319444444443,4690.298680573365,184302.0
411,tx_brate,0.0,0.0645094935742727,0.10900870373388247,2.4638590700046024,6.96
411,tx_pckts,1.0,13.096249888851252,21.22612759417052,225.1399414349018,235.0
411,dl_buffer,0.0,0.0,4.116319444444443,4690.298680573365,184302.0
412,tx_brate,0.0,0.0645094935742727,0.10900870373388247,2.4638590700046024,6.96
412,tx_pckts,1.0,13.096249888851252,21.22612759417052,225.1399414349018,235.0
412,dl_buffer,0.0,0.0,4.116319444444443,4690.298680573365,184302.0
413,tx_brate,0.0,0.0645094935742727,0.10900870373388247,2.474933719250426,6.96
413,tx_pckts,1.0,13.096249888851252,21.22612759417052,225.48687367374072,235.0
413,dl_buffer,0.0,0.0,4.116319444444443,4903.453559030642,184302.0
414,tx_brate,0.0,0.0645094935742727,0.10900870373388247,2.474933719250426,6.96
414,tx_pckts,1.0,13.063647399845074,21.22612759417052,225.48687367374072,235.0
414,dl_buffer,0.0,0.0,4.116319444444443,4903.453559030642,184302.0
415,tx_brate,0.0,0.06468485398134803,0.10900870373388247,2.463908194879024,6.96
415,tx_pckts,1.0,13.063647399845074,21.22612759417052,225.48687367374072,235.0
415,dl_buffer,0.0,0.0,4.116319444444443,4903.453559030642,184302.0
416,tx_brate,0.0,0.06468485398134803,0.10900870373388247,2.463908194879024,6.96
416,tx_pckts,1.0,13.063647399845074,21.22612759417052,225.48687367374072,235.0
416,dl_buffer,0.0,0.0,4.116319444444443,4903.453559030642,184302.0
417,tx_brate,0.0,0.06468485398134803,0.10899736657348204,2.463908194879024,6.96
417,tx_pckts,1.0,13.063647399845074,21.22666982542102,225.82991566312282,235.0
417,dl_buffer,0.0,0.0,4.116319444444443,5115.578742378275,184302.0
418,tx_brate,0.0,0.06468485398134803,0.10899736657348204,2.463908194879024,6.96
418,tx_pckts,1.0,13.031356003519832,21.22666982542102,225.82991566312282,235.0
418,dl_buffer,0.0,0.0,4.116319444444443,5115.578742378275,184302.0
419,tx_brate,0.0,0.06468485398134803,0.11282387907890098,2.463908194879024,6.96
419,tx_pckts,1.0,13.031356003519832,21.566061467621342,225.82991566312282,235.0
419,dl_buffer,0.0,0.0,4.116319444444443,5115.578742378275,184302.0
420,tx_brate,0.0,0.06468485398134803,0.11282387907890098,2.463908194879024,6.96
420,tx_pckts,1.0,13.031356003519832,21.566061467621342,225.82991566312282,235.0
420,dl_buffer,0.0,0.0,4.116319444444443,5115.578742378275,184302.0
421,tx_brate,0.0,0.06468485398134803,0.11282387907890098,2.463908194879024,6.96
421,tx_pckts,1.0,13.031356003519832,21.22828281437088,226.16968620456217,235.0
421,dl_buffer,0.0,0.0,4.116319444444443,5327.289354368942,184302.0
422,tx_brate,0.0,0.06468485398134803,0.11282387907890098,2.4530632063371365,6.96
422,tx_pckts,1.0,13.031356003519832,21.22828281437088,226.16968620456217,235.0
422,dl_buffer,0.0,0.0,4.116319444444443,5327.289354368942,184517.0
